system,split,beam_size,normalization,weight_token_logprob_avg,weight_summac_style_score,weight_factcc_style_score,weight_entity_support_score,rouge1,rouge2,rougeL,rougeLsum,summac_style_score,factcc_style_score,entity_support_score,factuality_composite,summary_len_tokens
summac_plus_factcc,val_tune,16,zscore,0.0,0.5,0.5,0.0,0.169841,0.018849,0.117244,0.117244,0.991406,0.990469,0.990625,0.990833,22.375
custom_0030,val_tune,16,zscore,0.0,0.25,0.25,0.0,0.169841,0.018849,0.117244,0.117244,0.991406,0.990469,0.990625,0.990833,22.375
custom_0031,val_tune,16,zscore,0.0,0.25,0.25,0.25,0.169841,0.018849,0.117244,0.117244,0.991406,0.990469,0.990625,0.990833,22.375
custom_0035,val_tune,16,zscore,0.0,0.25,0.5,0.0,0.169841,0.018849,0.117244,0.117244,0.991406,0.990469,0.990625,0.990833,22.375
custom_0040,val_tune,16,zscore,0.0,0.25,0.75,0.0,0.169841,0.018849,0.117244,0.117244,0.991406,0.990469,0.990625,0.990833,22.375
custom_0055,val_tune,16,zscore,0.0,0.5,0.25,0.0,0.169841,0.018849,0.117244,0.117244,0.991406,0.990469,0.990625,0.990833,22.375
custom_0056,val_tune,16,zscore,0.0,0.5,0.25,0.25,0.169841,0.018849,0.117244,0.117244,0.991406,0.990469,0.990625,0.990833,22.375
custom_0057,val_tune,16,zscore,0.0,0.5,0.25,0.5,0.169841,0.018849,0.117244,0.117244,0.991406,0.990469,0.990625,0.990833,22.375
custom_0060,val_tune,16,zscore,0.0,0.5,0.5,0.0,0.169841,0.018849,0.117244,0.117244,0.991406,0.990469,0.990625,0.990833,22.375
custom_0061,val_tune,16,zscore,0.0,0.5,0.5,0.25,0.169841,0.018849,0.117244,0.117244,0.991406,0.990469,0.990625,0.990833,22.375
custom_0062,val_tune,16,zscore,0.0,0.5,0.5,0.5,0.169841,0.018849,0.117244,0.117244,0.991406,0.990469,0.990625,0.990833,22.375
custom_0065,val_tune,16,zscore,0.0,0.5,0.75,0.0,0.169841,0.018849,0.117244,0.117244,0.991406,0.990469,0.990625,0.990833,22.375
custom_0066,val_tune,16,zscore,0.0,0.5,0.75,0.25,0.169841,0.018849,0.117244,0.117244,0.991406,0.990469,0.990625,0.990833,22.375
custom_0070,val_tune,16,zscore,0.0,0.5,1.0,0.0,0.169841,0.018849,0.117244,0.117244,0.991406,0.990469,0.990625,0.990833,22.375
custom_0071,val_tune,16,zscore,0.0,0.5,1.0,0.25,0.169841,0.018849,0.117244,0.117244,0.991406,0.990469,0.990625,0.990833,22.375
custom_0080,val_tune,16,zscore,0.0,0.75,0.25,0.0,0.169841,0.018849,0.117244,0.117244,0.991406,0.990469,0.990625,0.990833,22.375
custom_0081,val_tune,16,zscore,0.0,0.75,0.25,0.25,0.169841,0.018849,0.117244,0.117244,0.991406,0.990469,0.990625,0.990833,22.375
custom_0082,val_tune,16,zscore,0.0,0.75,0.25,0.5,0.169841,0.018849,0.117244,0.117244,0.991406,0.990469,0.990625,0.990833,22.375
custom_0083,val_tune,16,zscore,0.0,0.75,0.25,0.75,0.169841,0.018849,0.117244,0.117244,0.991406,0.990469,0.990625,0.990833,22.375
custom_0084,val_tune,16,zscore,0.0,0.75,0.25,1.0,0.169841,0.018849,0.117244,0.117244,0.991406,0.990469,0.990625,0.990833,22.375
custom_0085,val_tune,16,zscore,0.0,0.75,0.5,0.0,0.169841,0.018849,0.117244,0.117244,0.991406,0.990469,0.990625,0.990833,22.375
custom_0086,val_tune,16,zscore,0.0,0.75,0.5,0.25,0.169841,0.018849,0.117244,0.117244,0.991406,0.990469,0.990625,0.990833,22.375
custom_0087,val_tune,16,zscore,0.0,0.75,0.5,0.5,0.169841,0.018849,0.117244,0.117244,0.991406,0.990469,0.990625,0.990833,22.375
custom_0088,val_tune,16,zscore,0.0,0.75,0.5,0.75,0.169841,0.018849,0.117244,0.117244,0.991406,0.990469,0.990625,0.990833,22.375
custom_0090,val_tune,16,zscore,0.0,0.75,0.75,0.0,0.169841,0.018849,0.117244,0.117244,0.991406,0.990469,0.990625,0.990833,22.375
custom_0091,val_tune,16,zscore,0.0,0.75,0.75,0.25,0.169841,0.018849,0.117244,0.117244,0.991406,0.990469,0.990625,0.990833,22.375
custom_0092,val_tune,16,zscore,0.0,0.75,0.75,0.5,0.169841,0.018849,0.117244,0.117244,0.991406,0.990469,0.990625,0.990833,22.375
custom_0093,val_tune,16,zscore,0.0,0.75,0.75,0.75,0.169841,0.018849,0.117244,0.117244,0.991406,0.990469,0.990625,0.990833,22.375
custom_0095,val_tune,16,zscore,0.0,0.75,1.0,0.0,0.169841,0.018849,0.117244,0.117244,0.991406,0.990469,0.990625,0.990833,22.375
custom_0096,val_tune,16,zscore,0.0,0.75,1.0,0.25,0.169841,0.018849,0.117244,0.117244,0.991406,0.990469,0.990625,0.990833,22.375
custom_0097,val_tune,16,zscore,0.0,0.75,1.0,0.5,0.169841,0.018849,0.117244,0.117244,0.991406,0.990469,0.990625,0.990833,22.375
custom_0105,val_tune,16,zscore,0.0,1.0,0.25,0.0,0.169841,0.018849,0.117244,0.117244,0.991406,0.990469,0.990625,0.990833,22.375
custom_0106,val_tune,16,zscore,0.0,1.0,0.25,0.25,0.169841,0.018849,0.117244,0.117244,0.991406,0.990469,0.990625,0.990833,22.375
custom_0107,val_tune,16,zscore,0.0,1.0,0.25,0.5,0.169841,0.018849,0.117244,0.117244,0.991406,0.990469,0.990625,0.990833,22.375
custom_0108,val_tune,16,zscore,0.0,1.0,0.25,0.75,0.169841,0.018849,0.117244,0.117244,0.991406,0.990469,0.990625,0.990833,22.375
custom_0109,val_tune,16,zscore,0.0,1.0,0.25,1.0,0.169841,0.018849,0.117244,0.117244,0.991406,0.990469,0.990625,0.990833,22.375
custom_0110,val_tune,16,zscore,0.0,1.0,0.5,0.0,0.169841,0.018849,0.117244,0.117244,0.991406,0.990469,0.990625,0.990833,22.375
custom_0111,val_tune,16,zscore,0.0,1.0,0.5,0.25,0.169841,0.018849,0.117244,0.117244,0.991406,0.990469,0.990625,0.990833,22.375
custom_0112,val_tune,16,zscore,0.0,1.0,0.5,0.5,0.169841,0.018849,0.117244,0.117244,0.991406,0.990469,0.990625,0.990833,22.375
custom_0113,val_tune,16,zscore,0.0,1.0,0.5,0.75,0.169841,0.018849,0.117244,0.117244,0.991406,0.990469,0.990625,0.990833,22.375
custom_0114,val_tune,16,zscore,0.0,1.0,0.5,1.0,0.169841,0.018849,0.117244,0.117244,0.991406,0.990469,0.990625,0.990833,22.375
custom_0115,val_tune,16,zscore,0.0,1.0,0.75,0.0,0.169841,0.018849,0.117244,0.117244,0.991406,0.990469,0.990625,0.990833,22.375
custom_0116,val_tune,16,zscore,0.0,1.0,0.75,0.25,0.169841,0.018849,0.117244,0.117244,0.991406,0.990469,0.990625,0.990833,22.375
custom_0117,val_tune,16,zscore,0.0,1.0,0.75,0.5,0.169841,0.018849,0.117244,0.117244,0.991406,0.990469,0.990625,0.990833,22.375
custom_0118,val_tune,16,zscore,0.0,1.0,0.75,0.75,0.169841,0.018849,0.117244,0.117244,0.991406,0.990469,0.990625,0.990833,22.375
custom_0119,val_tune,16,zscore,0.0,1.0,0.75,1.0,0.169841,0.018849,0.117244,0.117244,0.991406,0.990469,0.990625,0.990833,22.375
custom_0120,val_tune,16,zscore,0.0,1.0,1.0,0.0,0.169841,0.018849,0.117244,0.117244,0.991406,0.990469,0.990625,0.990833,22.375
custom_0121,val_tune,16,zscore,0.0,1.0,1.0,0.25,0.169841,0.018849,0.117244,0.117244,0.991406,0.990469,0.990625,0.990833,22.375
custom_0122,val_tune,16,zscore,0.0,1.0,1.0,0.5,0.169841,0.018849,0.117244,0.117244,0.991406,0.990469,0.990625,0.990833,22.375
custom_0123,val_tune,16,zscore,0.0,1.0,1.0,0.75,0.169841,0.018849,0.117244,0.117244,0.991406,0.990469,0.990625,0.990833,22.375
custom_0124,val_tune,16,zscore,0.0,1.0,1.0,1.0,0.169841,0.018849,0.117244,0.117244,0.991406,0.990469,0.990625,0.990833,22.375
custom_0185,val_tune,16,zscore,0.25,0.5,0.5,0.0,0.169841,0.018849,0.117244,0.117244,0.991406,0.990469,0.990625,0.990833,22.375
custom_0190,val_tune,16,zscore,0.25,0.5,0.75,0.0,0.169841,0.018849,0.117244,0.117244,0.991406,0.990469,0.990625,0.990833,22.375
custom_0195,val_tune,16,zscore,0.25,0.5,1.0,0.0,0.169841,0.018849,0.117244,0.117244,0.991406,0.990469,0.990625,0.990833,22.375
custom_0205,val_tune,16,zscore,0.25,0.75,0.25,0.0,0.169841,0.018849,0.117244,0.117244,0.991406,0.990469,0.990625,0.990833,22.375
custom_0206,val_tune,16,zscore,0.25,0.75,0.25,0.25,0.169841,0.018849,0.117244,0.117244,0.991406,0.990469,0.990625,0.990833,22.375
custom_0207,val_tune,16,zscore,0.25,0.75,0.25,0.5,0.169841,0.018849,0.117244,0.117244,0.991406,0.990469,0.990625,0.990833,22.375
custom_0210,val_tune,16,zscore,0.25,0.75,0.5,0.0,0.169841,0.018849,0.117244,0.117244,0.991406,0.990469,0.990625,0.990833,22.375
custom_0211,val_tune,16,zscore,0.25,0.75,0.5,0.25,0.169841,0.018849,0.117244,0.117244,0.991406,0.990469,0.990625,0.990833,22.375
custom_0215,val_tune,16,zscore,0.25,0.75,0.75,0.0,0.169841,0.018849,0.117244,0.117244,0.991406,0.990469,0.990625,0.990833,22.375
custom_0216,val_tune,16,zscore,0.25,0.75,0.75,0.25,0.169841,0.018849,0.117244,0.117244,0.991406,0.990469,0.990625,0.990833,22.375
custom_0220,val_tune,16,zscore,0.25,0.75,1.0,0.0,0.169841,0.018849,0.117244,0.117244,0.991406,0.990469,0.990625,0.990833,22.375
custom_0221,val_tune,16,zscore,0.25,0.75,1.0,0.25,0.169841,0.018849,0.117244,0.117244,0.991406,0.990469,0.990625,0.990833,22.375
custom_0230,val_tune,16,zscore,0.25,1.0,0.25,0.0,0.169841,0.018849,0.117244,0.117244,0.991406,0.990469,0.990625,0.990833,22.375
custom_0231,val_tune,16,zscore,0.25,1.0,0.25,0.25,0.169841,0.018849,0.117244,0.117244,0.991406,0.990469,0.990625,0.990833,22.375
custom_0232,val_tune,16,zscore,0.25,1.0,0.25,0.5,0.169841,0.018849,0.117244,0.117244,0.991406,0.990469,0.990625,0.990833,22.375
custom_0233,val_tune,16,zscore,0.25,1.0,0.25,0.75,0.169841,0.018849,0.117244,0.117244,0.991406,0.990469,0.990625,0.990833,22.375
custom_0235,val_tune,16,zscore,0.25,1.0,0.5,0.0,0.169841,0.018849,0.117244,0.117244,0.991406,0.990469,0.990625,0.990833,22.375
custom_0236,val_tune,16,zscore,0.25,1.0,0.5,0.25,0.169841,0.018849,0.117244,0.117244,0.991406,0.990469,0.990625,0.990833,22.375
custom_0237,val_tune,16,zscore,0.25,1.0,0.5,0.5,0.169841,0.018849,0.117244,0.117244,0.991406,0.990469,0.990625,0.990833,22.375
custom_0238,val_tune,16,zscore,0.25,1.0,0.5,0.75,0.169841,0.018849,0.117244,0.117244,0.991406,0.990469,0.990625,0.990833,22.375
custom_0240,val_tune,16,zscore,0.25,1.0,0.75,0.0,0.169841,0.018849,0.117244,0.117244,0.991406,0.990469,0.990625,0.990833,22.375
custom_0241,val_tune,16,zscore,0.25,1.0,0.75,0.25,0.169841,0.018849,0.117244,0.117244,0.991406,0.990469,0.990625,0.990833,22.375
custom_0242,val_tune,16,zscore,0.25,1.0,0.75,0.5,0.169841,0.018849,0.117244,0.117244,0.991406,0.990469,0.990625,0.990833,22.375
custom_0243,val_tune,16,zscore,0.25,1.0,0.75,0.75,0.169841,0.018849,0.117244,0.117244,0.991406,0.990469,0.990625,0.990833,22.375
custom_0245,val_tune,16,zscore,0.25,1.0,1.0,0.0,0.169841,0.018849,0.117244,0.117244,0.991406,0.990469,0.990625,0.990833,22.375
custom_0246,val_tune,16,zscore,0.25,1.0,1.0,0.25,0.169841,0.018849,0.117244,0.117244,0.991406,0.990469,0.990625,0.990833,22.375
custom_0247,val_tune,16,zscore,0.25,1.0,1.0,0.5,0.169841,0.018849,0.117244,0.117244,0.991406,0.990469,0.990625,0.990833,22.375
custom_0248,val_tune,16,zscore,0.25,1.0,1.0,0.75,0.169841,0.018849,0.117244,0.117244,0.991406,0.990469,0.990625,0.990833,22.375
custom_0365,val_tune,16,zscore,0.5,1.0,0.75,0.0,0.169841,0.018849,0.117244,0.117244,0.991406,0.990469,0.990625,0.990833,22.375
custom_0370,val_tune,16,zscore,0.5,1.0,1.0,0.0,0.169841,0.018849,0.117244,0.117244,0.991406,0.990469,0.990625,0.990833,22.375
custom_0032,val_tune,16,zscore,0.0,0.25,0.25,0.5,0.171542,0.018849,0.115543,0.120645,0.974208,0.995359,0.997794,0.98912,23.25
custom_0033,val_tune,16,zscore,0.0,0.25,0.25,0.75,0.171542,0.018849,0.115543,0.120645,0.974208,0.995359,0.997794,0.98912,23.25
custom_0034,val_tune,16,zscore,0.0,0.25,0.25,1.0,0.171542,0.018849,0.115543,0.120645,0.974208,0.995359,0.997794,0.98912,23.25
custom_0036,val_tune,16,zscore,0.0,0.25,0.5,0.25,0.171542,0.018849,0.115543,0.120645,0.974208,0.995359,0.997794,0.98912,23.25
custom_0037,val_tune,16,zscore,0.0,0.25,0.5,0.5,0.171542,0.018849,0.115543,0.120645,0.974208,0.995359,0.997794,0.98912,23.25
custom_0038,val_tune,16,zscore,0.0,0.25,0.5,0.75,0.171542,0.018849,0.115543,0.120645,0.974208,0.995359,0.997794,0.98912,23.25
custom_0039,val_tune,16,zscore,0.0,0.25,0.5,1.0,0.171542,0.018849,0.115543,0.120645,0.974208,0.995359,0.997794,0.98912,23.25
custom_0041,val_tune,16,zscore,0.0,0.25,0.75,0.25,0.171542,0.018849,0.115543,0.120645,0.974208,0.995359,0.997794,0.98912,23.25
custom_0042,val_tune,16,zscore,0.0,0.25,0.75,0.5,0.171542,0.018849,0.115543,0.120645,0.974208,0.995359,0.997794,0.98912,23.25
custom_0043,val_tune,16,zscore,0.0,0.25,0.75,0.75,0.171542,0.018849,0.115543,0.120645,0.974208,0.995359,0.997794,0.98912,23.25
custom_0044,val_tune,16,zscore,0.0,0.25,0.75,1.0,0.171542,0.018849,0.115543,0.120645,0.974208,0.995359,0.997794,0.98912,23.25
custom_0045,val_tune,16,zscore,0.0,0.25,1.0,0.0,0.171542,0.018849,0.115543,0.120645,0.974208,0.995359,0.997794,0.98912,23.25
custom_0046,val_tune,16,zscore,0.0,0.25,1.0,0.25,0.171542,0.018849,0.115543,0.120645,0.974208,0.995359,0.997794,0.98912,23.25
custom_0047,val_tune,16,zscore,0.0,0.25,1.0,0.5,0.171542,0.018849,0.115543,0.120645,0.974208,0.995359,0.997794,0.98912,23.25
custom_0048,val_tune,16,zscore,0.0,0.25,1.0,0.75,0.171542,0.018849,0.115543,0.120645,0.974208,0.995359,0.997794,0.98912,23.25
custom_0049,val_tune,16,zscore,0.0,0.25,1.0,1.0,0.171542,0.018849,0.115543,0.120645,0.974208,0.995359,0.997794,0.98912,23.25
custom_0058,val_tune,16,zscore,0.0,0.5,0.25,0.75,0.171542,0.018849,0.115543,0.120645,0.974208,0.995359,0.997794,0.98912,23.25
custom_0059,val_tune,16,zscore,0.0,0.5,0.25,1.0,0.171542,0.018849,0.115543,0.120645,0.974208,0.995359,0.997794,0.98912,23.25
custom_0063,val_tune,16,zscore,0.0,0.5,0.5,0.75,0.171542,0.018849,0.115543,0.120645,0.974208,0.995359,0.997794,0.98912,23.25
custom_0064,val_tune,16,zscore,0.0,0.5,0.5,1.0,0.171542,0.018849,0.115543,0.120645,0.974208,0.995359,0.997794,0.98912,23.25
custom_0067,val_tune,16,zscore,0.0,0.5,0.75,0.5,0.171542,0.018849,0.115543,0.120645,0.974208,0.995359,0.997794,0.98912,23.25
custom_0068,val_tune,16,zscore,0.0,0.5,0.75,0.75,0.171542,0.018849,0.115543,0.120645,0.974208,0.995359,0.997794,0.98912,23.25
custom_0069,val_tune,16,zscore,0.0,0.5,0.75,1.0,0.171542,0.018849,0.115543,0.120645,0.974208,0.995359,0.997794,0.98912,23.25
custom_0072,val_tune,16,zscore,0.0,0.5,1.0,0.5,0.171542,0.018849,0.115543,0.120645,0.974208,0.995359,0.997794,0.98912,23.25
custom_0073,val_tune,16,zscore,0.0,0.5,1.0,0.75,0.171542,0.018849,0.115543,0.120645,0.974208,0.995359,0.997794,0.98912,23.25
custom_0074,val_tune,16,zscore,0.0,0.5,1.0,1.0,0.171542,0.018849,0.115543,0.120645,0.974208,0.995359,0.997794,0.98912,23.25
custom_0089,val_tune,16,zscore,0.0,0.75,0.5,1.0,0.171542,0.018849,0.115543,0.120645,0.974208,0.995359,0.997794,0.98912,23.25
custom_0094,val_tune,16,zscore,0.0,0.75,0.75,1.0,0.171542,0.018849,0.115543,0.120645,0.974208,0.995359,0.997794,0.98912,23.25
custom_0098,val_tune,16,zscore,0.0,0.75,1.0,0.75,0.171542,0.018849,0.115543,0.120645,0.974208,0.995359,0.997794,0.98912,23.25
custom_0099,val_tune,16,zscore,0.0,0.75,1.0,1.0,0.171542,0.018849,0.115543,0.120645,0.974208,0.995359,0.997794,0.98912,23.25
factcc_only,val_tune,16,zscore,0.0,0.0,1.0,0.0,0.168978,0.024663,0.112979,0.118081,0.971184,0.995359,0.997794,0.988112,23.875
custom_0005,val_tune,16,zscore,0.0,0.0,0.25,0.0,0.168978,0.024663,0.112979,0.118081,0.971184,0.995359,0.997794,0.988112,23.875
custom_0006,val_tune,16,zscore,0.0,0.0,0.25,0.25,0.168978,0.024663,0.112979,0.118081,0.971184,0.995359,0.997794,0.988112,23.875
custom_0007,val_tune,16,zscore,0.0,0.0,0.25,0.5,0.168978,0.024663,0.112979,0.118081,0.971184,0.995359,0.997794,0.988112,23.875
custom_0008,val_tune,16,zscore,0.0,0.0,0.25,0.75,0.168978,0.024663,0.112979,0.118081,0.971184,0.995359,0.997794,0.988112,23.875
custom_0010,val_tune,16,zscore,0.0,0.0,0.5,0.0,0.168978,0.024663,0.112979,0.118081,0.971184,0.995359,0.997794,0.988112,23.875
custom_0011,val_tune,16,zscore,0.0,0.0,0.5,0.25,0.168978,0.024663,0.112979,0.118081,0.971184,0.995359,0.997794,0.988112,23.875
custom_0012,val_tune,16,zscore,0.0,0.0,0.5,0.5,0.168978,0.024663,0.112979,0.118081,0.971184,0.995359,0.997794,0.988112,23.875
custom_0013,val_tune,16,zscore,0.0,0.0,0.5,0.75,0.168978,0.024663,0.112979,0.118081,0.971184,0.995359,0.997794,0.988112,23.875
custom_0014,val_tune,16,zscore,0.0,0.0,0.5,1.0,0.168978,0.024663,0.112979,0.118081,0.971184,0.995359,0.997794,0.988112,23.875
custom_0015,val_tune,16,zscore,0.0,0.0,0.75,0.0,0.168978,0.024663,0.112979,0.118081,0.971184,0.995359,0.997794,0.988112,23.875
custom_0016,val_tune,16,zscore,0.0,0.0,0.75,0.25,0.168978,0.024663,0.112979,0.118081,0.971184,0.995359,0.997794,0.988112,23.875
custom_0017,val_tune,16,zscore,0.0,0.0,0.75,0.5,0.168978,0.024663,0.112979,0.118081,0.971184,0.995359,0.997794,0.988112,23.875
custom_0018,val_tune,16,zscore,0.0,0.0,0.75,0.75,0.168978,0.024663,0.112979,0.118081,0.971184,0.995359,0.997794,0.988112,23.875
custom_0019,val_tune,16,zscore,0.0,0.0,0.75,1.0,0.168978,0.024663,0.112979,0.118081,0.971184,0.995359,0.997794,0.988112,23.875
custom_0020,val_tune,16,zscore,0.0,0.0,1.0,0.0,0.168978,0.024663,0.112979,0.118081,0.971184,0.995359,0.997794,0.988112,23.875
custom_0021,val_tune,16,zscore,0.0,0.0,1.0,0.25,0.168978,0.024663,0.112979,0.118081,0.971184,0.995359,0.997794,0.988112,23.875
custom_0022,val_tune,16,zscore,0.0,0.0,1.0,0.5,0.168978,0.024663,0.112979,0.118081,0.971184,0.995359,0.997794,0.988112,23.875
custom_0023,val_tune,16,zscore,0.0,0.0,1.0,0.75,0.168978,0.024663,0.112979,0.118081,0.971184,0.995359,0.997794,0.988112,23.875
custom_0024,val_tune,16,zscore,0.0,0.0,1.0,1.0,0.168978,0.024663,0.112979,0.118081,0.971184,0.995359,0.997794,0.988112,23.875
custom_0138,val_tune,16,zscore,0.25,0.0,0.5,0.75,0.170225,0.018849,0.121468,0.121468,0.972824,0.992067,0.998437,0.987776,21.0
custom_0139,val_tune,16,zscore,0.25,0.0,0.5,1.0,0.170225,0.018849,0.121468,0.121468,0.972824,0.992067,0.998437,0.987776,21.0
custom_0140,val_tune,16,zscore,0.25,0.0,0.75,0.0,0.170225,0.018849,0.121468,0.121468,0.972824,0.992067,0.998437,0.987776,21.0
custom_0141,val_tune,16,zscore,0.25,0.0,0.75,0.25,0.170225,0.018849,0.121468,0.121468,0.972824,0.992067,0.998437,0.987776,21.0
custom_0142,val_tune,16,zscore,0.25,0.0,0.75,0.5,0.170225,0.018849,0.121468,0.121468,0.972824,0.992067,0.998437,0.987776,21.0
custom_0143,val_tune,16,zscore,0.25,0.0,0.75,0.75,0.170225,0.018849,0.121468,0.121468,0.972824,0.992067,0.998437,0.987776,21.0
custom_0144,val_tune,16,zscore,0.25,0.0,0.75,1.0,0.170225,0.018849,0.121468,0.121468,0.972824,0.992067,0.998437,0.987776,21.0
custom_0145,val_tune,16,zscore,0.25,0.0,1.0,0.0,0.170225,0.018849,0.121468,0.121468,0.972824,0.992067,0.998437,0.987776,21.0
custom_0146,val_tune,16,zscore,0.25,0.0,1.0,0.25,0.170225,0.018849,0.121468,0.121468,0.972824,0.992067,0.998437,0.987776,21.0
custom_0147,val_tune,16,zscore,0.25,0.0,1.0,0.5,0.170225,0.018849,0.121468,0.121468,0.972824,0.992067,0.998437,0.987776,21.0
custom_0148,val_tune,16,zscore,0.25,0.0,1.0,0.75,0.170225,0.018849,0.121468,0.121468,0.972824,0.992067,0.998437,0.987776,21.0
custom_0149,val_tune,16,zscore,0.25,0.0,1.0,1.0,0.170225,0.018849,0.121468,0.121468,0.972824,0.992067,0.998437,0.987776,21.0
custom_0157,val_tune,16,zscore,0.25,0.25,0.25,0.5,0.170225,0.018849,0.121468,0.121468,0.972824,0.992067,0.998437,0.987776,21.0
custom_0158,val_tune,16,zscore,0.25,0.25,0.25,0.75,0.170225,0.018849,0.121468,0.121468,0.972824,0.992067,0.998437,0.987776,21.0
custom_0159,val_tune,16,zscore,0.25,0.25,0.25,1.0,0.170225,0.018849,0.121468,0.121468,0.972824,0.992067,0.998437,0.987776,21.0
custom_0161,val_tune,16,zscore,0.25,0.25,0.5,0.25,0.170225,0.018849,0.121468,0.121468,0.972824,0.992067,0.998437,0.987776,21.0
custom_0162,val_tune,16,zscore,0.25,0.25,0.5,0.5,0.170225,0.018849,0.121468,0.121468,0.972824,0.992067,0.998437,0.987776,21.0
custom_0163,val_tune,16,zscore,0.25,0.25,0.5,0.75,0.170225,0.018849,0.121468,0.121468,0.972824,0.992067,0.998437,0.987776,21.0
custom_0164,val_tune,16,zscore,0.25,0.25,0.5,1.0,0.170225,0.018849,0.121468,0.121468,0.972824,0.992067,0.998437,0.987776,21.0
custom_0165,val_tune,16,zscore,0.25,0.25,0.75,0.0,0.170225,0.018849,0.121468,0.121468,0.972824,0.992067,0.998437,0.987776,21.0
custom_0166,val_tune,16,zscore,0.25,0.25,0.75,0.25,0.170225,0.018849,0.121468,0.121468,0.972824,0.992067,0.998437,0.987776,21.0
custom_0167,val_tune,16,zscore,0.25,0.25,0.75,0.5,0.170225,0.018849,0.121468,0.121468,0.972824,0.992067,0.998437,0.987776,21.0
custom_0168,val_tune,16,zscore,0.25,0.25,0.75,0.75,0.170225,0.018849,0.121468,0.121468,0.972824,0.992067,0.998437,0.987776,21.0
custom_0169,val_tune,16,zscore,0.25,0.25,0.75,1.0,0.170225,0.018849,0.121468,0.121468,0.972824,0.992067,0.998437,0.987776,21.0
custom_0170,val_tune,16,zscore,0.25,0.25,1.0,0.0,0.170225,0.018849,0.121468,0.121468,0.972824,0.992067,0.998437,0.987776,21.0
custom_0171,val_tune,16,zscore,0.25,0.25,1.0,0.25,0.170225,0.018849,0.121468,0.121468,0.972824,0.992067,0.998437,0.987776,21.0
custom_0172,val_tune,16,zscore,0.25,0.25,1.0,0.5,0.170225,0.018849,0.121468,0.121468,0.972824,0.992067,0.998437,0.987776,21.0
custom_0173,val_tune,16,zscore,0.25,0.25,1.0,0.75,0.170225,0.018849,0.121468,0.121468,0.972824,0.992067,0.998437,0.987776,21.0
custom_0174,val_tune,16,zscore,0.25,0.25,1.0,1.0,0.170225,0.018849,0.121468,0.121468,0.972824,0.992067,0.998437,0.987776,21.0
custom_0181,val_tune,16,zscore,0.25,0.5,0.25,0.25,0.170225,0.018849,0.121468,0.121468,0.972824,0.992067,0.998437,0.987776,21.0
custom_0182,val_tune,16,zscore,0.25,0.5,0.25,0.5,0.170225,0.018849,0.121468,0.121468,0.972824,0.992067,0.998437,0.987776,21.0
custom_0183,val_tune,16,zscore,0.25,0.5,0.25,0.75,0.170225,0.018849,0.121468,0.121468,0.972824,0.992067,0.998437,0.987776,21.0
custom_0184,val_tune,16,zscore,0.25,0.5,0.25,1.0,0.170225,0.018849,0.121468,0.121468,0.972824,0.992067,0.998437,0.987776,21.0
custom_0186,val_tune,16,zscore,0.25,0.5,0.5,0.25,0.170225,0.018849,0.121468,0.121468,0.972824,0.992067,0.998437,0.987776,21.0
custom_0187,val_tune,16,zscore,0.25,0.5,0.5,0.5,0.170225,0.018849,0.121468,0.121468,0.972824,0.992067,0.998437,0.987776,21.0
custom_0188,val_tune,16,zscore,0.25,0.5,0.5,0.75,0.170225,0.018849,0.121468,0.121468,0.972824,0.992067,0.998437,0.987776,21.0
custom_0189,val_tune,16,zscore,0.25,0.5,0.5,1.0,0.170225,0.018849,0.121468,0.121468,0.972824,0.992067,0.998437,0.987776,21.0
custom_0191,val_tune,16,zscore,0.25,0.5,0.75,0.25,0.170225,0.018849,0.121468,0.121468,0.972824,0.992067,0.998437,0.987776,21.0
custom_0192,val_tune,16,zscore,0.25,0.5,0.75,0.5,0.170225,0.018849,0.121468,0.121468,0.972824,0.992067,0.998437,0.987776,21.0
custom_0193,val_tune,16,zscore,0.25,0.5,0.75,0.75,0.170225,0.018849,0.121468,0.121468,0.972824,0.992067,0.998437,0.987776,21.0
custom_0194,val_tune,16,zscore,0.25,0.5,0.75,1.0,0.170225,0.018849,0.121468,0.121468,0.972824,0.992067,0.998437,0.987776,21.0
custom_0196,val_tune,16,zscore,0.25,0.5,1.0,0.25,0.170225,0.018849,0.121468,0.121468,0.972824,0.992067,0.998437,0.987776,21.0
custom_0197,val_tune,16,zscore,0.25,0.5,1.0,0.5,0.170225,0.018849,0.121468,0.121468,0.972824,0.992067,0.998437,0.987776,21.0
custom_0198,val_tune,16,zscore,0.25,0.5,1.0,0.75,0.170225,0.018849,0.121468,0.121468,0.972824,0.992067,0.998437,0.987776,21.0
custom_0199,val_tune,16,zscore,0.25,0.5,1.0,1.0,0.170225,0.018849,0.121468,0.121468,0.972824,0.992067,0.998437,0.987776,21.0
custom_0208,val_tune,16,zscore,0.25,0.75,0.25,0.75,0.170225,0.018849,0.121468,0.121468,0.972824,0.992067,0.998437,0.987776,21.0
custom_0209,val_tune,16,zscore,0.25,0.75,0.25,1.0,0.170225,0.018849,0.121468,0.121468,0.972824,0.992067,0.998437,0.987776,21.0
custom_0212,val_tune,16,zscore,0.25,0.75,0.5,0.5,0.170225,0.018849,0.121468,0.121468,0.972824,0.992067,0.998437,0.987776,21.0
custom_0213,val_tune,16,zscore,0.25,0.75,0.5,0.75,0.170225,0.018849,0.121468,0.121468,0.972824,0.992067,0.998437,0.987776,21.0
custom_0214,val_tune,16,zscore,0.25,0.75,0.5,1.0,0.170225,0.018849,0.121468,0.121468,0.972824,0.992067,0.998437,0.987776,21.0
custom_0217,val_tune,16,zscore,0.25,0.75,0.75,0.5,0.170225,0.018849,0.121468,0.121468,0.972824,0.992067,0.998437,0.987776,21.0
custom_0218,val_tune,16,zscore,0.25,0.75,0.75,0.75,0.170225,0.018849,0.121468,0.121468,0.972824,0.992067,0.998437,0.987776,21.0
custom_0219,val_tune,16,zscore,0.25,0.75,0.75,1.0,0.170225,0.018849,0.121468,0.121468,0.972824,0.992067,0.998437,0.987776,21.0
custom_0222,val_tune,16,zscore,0.25,0.75,1.0,0.5,0.170225,0.018849,0.121468,0.121468,0.972824,0.992067,0.998437,0.987776,21.0
custom_0223,val_tune,16,zscore,0.25,0.75,1.0,0.75,0.170225,0.018849,0.121468,0.121468,0.972824,0.992067,0.998437,0.987776,21.0
custom_0224,val_tune,16,zscore,0.25,0.75,1.0,1.0,0.170225,0.018849,0.121468,0.121468,0.972824,0.992067,0.998437,0.987776,21.0
custom_0234,val_tune,16,zscore,0.25,1.0,0.25,1.0,0.170225,0.018849,0.121468,0.121468,0.972824,0.992067,0.998437,0.987776,21.0
custom_0239,val_tune,16,zscore,0.25,1.0,0.5,1.0,0.170225,0.018849,0.121468,0.121468,0.972824,0.992067,0.998437,0.987776,21.0
custom_0244,val_tune,16,zscore,0.25,1.0,0.75,1.0,0.170225,0.018849,0.121468,0.121468,0.972824,0.992067,0.998437,0.987776,21.0
custom_0249,val_tune,16,zscore,0.25,1.0,1.0,1.0,0.170225,0.018849,0.121468,0.121468,0.972824,0.992067,0.998437,0.987776,21.0
custom_0289,val_tune,16,zscore,0.5,0.25,0.5,1.0,0.170225,0.018849,0.121468,0.121468,0.972824,0.992067,0.998437,0.987776,21.0
custom_0293,val_tune,16,zscore,0.5,0.25,0.75,0.75,0.170225,0.018849,0.121468,0.121468,0.972824,0.992067,0.998437,0.987776,21.0
custom_0294,val_tune,16,zscore,0.5,0.25,0.75,1.0,0.170225,0.018849,0.121468,0.121468,0.972824,0.992067,0.998437,0.987776,21.0
custom_0297,val_tune,16,zscore,0.5,0.25,1.0,0.5,0.170225,0.018849,0.121468,0.121468,0.972824,0.992067,0.998437,0.987776,21.0
custom_0298,val_tune,16,zscore,0.5,0.25,1.0,0.75,0.170225,0.018849,0.121468,0.121468,0.972824,0.992067,0.998437,0.987776,21.0
custom_0299,val_tune,16,zscore,0.5,0.25,1.0,1.0,0.170225,0.018849,0.121468,0.121468,0.972824,0.992067,0.998437,0.987776,21.0
custom_0313,val_tune,16,zscore,0.5,0.5,0.5,0.75,0.170225,0.018849,0.121468,0.121468,0.972824,0.992067,0.998437,0.987776,21.0
custom_0314,val_tune,16,zscore,0.5,0.5,0.5,1.0,0.170225,0.018849,0.121468,0.121468,0.972824,0.992067,0.998437,0.987776,21.0
custom_0317,val_tune,16,zscore,0.5,0.5,0.75,0.5,0.170225,0.018849,0.121468,0.121468,0.972824,0.992067,0.998437,0.987776,21.0
custom_0318,val_tune,16,zscore,0.5,0.5,0.75,0.75,0.170225,0.018849,0.121468,0.121468,0.972824,0.992067,0.998437,0.987776,21.0
custom_0319,val_tune,16,zscore,0.5,0.5,0.75,1.0,0.170225,0.018849,0.121468,0.121468,0.972824,0.992067,0.998437,0.987776,21.0
custom_0321,val_tune,16,zscore,0.5,0.5,1.0,0.25,0.170225,0.018849,0.121468,0.121468,0.972824,0.992067,0.998437,0.987776,21.0
custom_0322,val_tune,16,zscore,0.5,0.5,1.0,0.5,0.170225,0.018849,0.121468,0.121468,0.972824,0.992067,0.998437,0.987776,21.0
custom_0323,val_tune,16,zscore,0.5,0.5,1.0,0.75,0.170225,0.018849,0.121468,0.121468,0.972824,0.992067,0.998437,0.987776,21.0
custom_0324,val_tune,16,zscore,0.5,0.5,1.0,1.0,0.170225,0.018849,0.121468,0.121468,0.972824,0.992067,0.998437,0.987776,21.0
custom_0337,val_tune,16,zscore,0.5,0.75,0.5,0.5,0.170225,0.018849,0.121468,0.121468,0.972824,0.992067,0.998437,0.987776,21.0
custom_0338,val_tune,16,zscore,0.5,0.75,0.5,0.75,0.170225,0.018849,0.121468,0.121468,0.972824,0.992067,0.998437,0.987776,21.0
custom_0339,val_tune,16,zscore,0.5,0.75,0.5,1.0,0.170225,0.018849,0.121468,0.121468,0.972824,0.992067,0.998437,0.987776,21.0
custom_0341,val_tune,16,zscore,0.5,0.75,0.75,0.25,0.170225,0.018849,0.121468,0.121468,0.972824,0.992067,0.998437,0.987776,21.0
custom_0342,val_tune,16,zscore,0.5,0.75,0.75,0.5,0.170225,0.018849,0.121468,0.121468,0.972824,0.992067,0.998437,0.987776,21.0
custom_0343,val_tune,16,zscore,0.5,0.75,0.75,0.75,0.170225,0.018849,0.121468,0.121468,0.972824,0.992067,0.998437,0.987776,21.0
custom_0344,val_tune,16,zscore,0.5,0.75,0.75,1.0,0.170225,0.018849,0.121468,0.121468,0.972824,0.992067,0.998437,0.987776,21.0
custom_0345,val_tune,16,zscore,0.5,0.75,1.0,0.0,0.170225,0.018849,0.121468,0.121468,0.972824,0.992067,0.998437,0.987776,21.0
custom_0346,val_tune,16,zscore,0.5,0.75,1.0,0.25,0.170225,0.018849,0.121468,0.121468,0.972824,0.992067,0.998437,0.987776,21.0
custom_0347,val_tune,16,zscore,0.5,0.75,1.0,0.5,0.170225,0.018849,0.121468,0.121468,0.972824,0.992067,0.998437,0.987776,21.0
custom_0348,val_tune,16,zscore,0.5,0.75,1.0,0.75,0.170225,0.018849,0.121468,0.121468,0.972824,0.992067,0.998437,0.987776,21.0
custom_0349,val_tune,16,zscore,0.5,0.75,1.0,1.0,0.170225,0.018849,0.121468,0.121468,0.972824,0.992067,0.998437,0.987776,21.0
custom_0362,val_tune,16,zscore,0.5,1.0,0.5,0.5,0.170225,0.018849,0.121468,0.121468,0.972824,0.992067,0.998437,0.987776,21.0
custom_0363,val_tune,16,zscore,0.5,1.0,0.5,0.75,0.170225,0.018849,0.121468,0.121468,0.972824,0.992067,0.998437,0.987776,21.0
custom_0364,val_tune,16,zscore,0.5,1.0,0.5,1.0,0.170225,0.018849,0.121468,0.121468,0.972824,0.992067,0.998437,0.987776,21.0
custom_0366,val_tune,16,zscore,0.5,1.0,0.75,0.25,0.170225,0.018849,0.121468,0.121468,0.972824,0.992067,0.998437,0.987776,21.0
custom_0367,val_tune,16,zscore,0.5,1.0,0.75,0.5,0.170225,0.018849,0.121468,0.121468,0.972824,0.992067,0.998437,0.987776,21.0
custom_0368,val_tune,16,zscore,0.5,1.0,0.75,0.75,0.170225,0.018849,0.121468,0.121468,0.972824,0.992067,0.998437,0.987776,21.0
custom_0369,val_tune,16,zscore,0.5,1.0,0.75,1.0,0.170225,0.018849,0.121468,0.121468,0.972824,0.992067,0.998437,0.987776,21.0
custom_0371,val_tune,16,zscore,0.5,1.0,1.0,0.25,0.170225,0.018849,0.121468,0.121468,0.972824,0.992067,0.998437,0.987776,21.0
custom_0372,val_tune,16,zscore,0.5,1.0,1.0,0.5,0.170225,0.018849,0.121468,0.121468,0.972824,0.992067,0.998437,0.987776,21.0
custom_0373,val_tune,16,zscore,0.5,1.0,1.0,0.75,0.170225,0.018849,0.121468,0.121468,0.972824,0.992067,0.998437,0.987776,21.0
custom_0374,val_tune,16,zscore,0.5,1.0,1.0,1.0,0.170225,0.018849,0.121468,0.121468,0.972824,0.992067,0.998437,0.987776,21.0
custom_0449,val_tune,16,zscore,0.75,0.5,1.0,1.0,0.170225,0.018849,0.121468,0.121468,0.972824,0.992067,0.998437,0.987776,21.0
custom_0469,val_tune,16,zscore,0.75,0.75,0.75,1.0,0.170225,0.018849,0.121468,0.121468,0.972824,0.992067,0.998437,0.987776,21.0
custom_0473,val_tune,16,zscore,0.75,0.75,1.0,0.75,0.170225,0.018849,0.121468,0.121468,0.972824,0.992067,0.998437,0.987776,21.0
custom_0474,val_tune,16,zscore,0.75,0.75,1.0,1.0,0.170225,0.018849,0.121468,0.121468,0.972824,0.992067,0.998437,0.987776,21.0
custom_0494,val_tune,16,zscore,0.75,1.0,0.75,1.0,0.170225,0.018849,0.121468,0.121468,0.972824,0.992067,0.998437,0.987776,21.0
custom_0497,val_tune,16,zscore,0.75,1.0,1.0,0.5,0.170225,0.018849,0.121468,0.121468,0.972824,0.992067,0.998437,0.987776,21.0
custom_0498,val_tune,16,zscore,0.75,1.0,1.0,0.75,0.170225,0.018849,0.121468,0.121468,0.972824,0.992067,0.998437,0.987776,21.0
custom_0499,val_tune,16,zscore,0.75,1.0,1.0,1.0,0.170225,0.018849,0.121468,0.121468,0.972824,0.992067,0.998437,0.987776,21.0
custom_0009,val_tune,16,zscore,0.0,0.0,0.25,1.0,0.167661,0.024663,0.118904,0.118904,0.969799,0.992067,0.998437,0.986768,21.625
summac_only,val_tune,16,zscore,0.0,1.0,0.0,0.0,0.167656,0.024801,0.115058,0.115058,0.991406,0.965469,0.990625,0.9825,22.875
custom_0025,val_tune,16,zscore,0.0,0.25,0.0,0.0,0.167656,0.024801,0.115058,0.115058,0.991406,0.965469,0.990625,0.9825,22.875
custom_0026,val_tune,16,zscore,0.0,0.25,0.0,0.25,0.167656,0.024801,0.115058,0.115058,0.991406,0.965469,0.990625,0.9825,22.875
custom_0050,val_tune,16,zscore,0.0,0.5,0.0,0.0,0.167656,0.024801,0.115058,0.115058,0.991406,0.965469,0.990625,0.9825,22.875
custom_0051,val_tune,16,zscore,0.0,0.5,0.0,0.25,0.167656,0.024801,0.115058,0.115058,0.991406,0.965469,0.990625,0.9825,22.875
custom_0052,val_tune,16,zscore,0.0,0.5,0.0,0.5,0.167656,0.024801,0.115058,0.115058,0.991406,0.965469,0.990625,0.9825,22.875
custom_0053,val_tune,16,zscore,0.0,0.5,0.0,0.75,0.167656,0.024801,0.115058,0.115058,0.991406,0.965469,0.990625,0.9825,22.875
custom_0075,val_tune,16,zscore,0.0,0.75,0.0,0.0,0.167656,0.024801,0.115058,0.115058,0.991406,0.965469,0.990625,0.9825,22.875
custom_0076,val_tune,16,zscore,0.0,0.75,0.0,0.25,0.167656,0.024801,0.115058,0.115058,0.991406,0.965469,0.990625,0.9825,22.875
custom_0077,val_tune,16,zscore,0.0,0.75,0.0,0.5,0.167656,0.024801,0.115058,0.115058,0.991406,0.965469,0.990625,0.9825,22.875
custom_0078,val_tune,16,zscore,0.0,0.75,0.0,0.75,0.167656,0.024801,0.115058,0.115058,0.991406,0.965469,0.990625,0.9825,22.875
custom_0079,val_tune,16,zscore,0.0,0.75,0.0,1.0,0.167656,0.024801,0.115058,0.115058,0.991406,0.965469,0.990625,0.9825,22.875
custom_0100,val_tune,16,zscore,0.0,1.0,0.0,0.0,0.167656,0.024801,0.115058,0.115058,0.991406,0.965469,0.990625,0.9825,22.875
custom_0101,val_tune,16,zscore,0.0,1.0,0.0,0.25,0.167656,0.024801,0.115058,0.115058,0.991406,0.965469,0.990625,0.9825,22.875
custom_0102,val_tune,16,zscore,0.0,1.0,0.0,0.5,0.167656,0.024801,0.115058,0.115058,0.991406,0.965469,0.990625,0.9825,22.875
custom_0103,val_tune,16,zscore,0.0,1.0,0.0,0.75,0.167656,0.024801,0.115058,0.115058,0.991406,0.965469,0.990625,0.9825,22.875
custom_0104,val_tune,16,zscore,0.0,1.0,0.0,1.0,0.167656,0.024801,0.115058,0.115058,0.991406,0.965469,0.990625,0.9825,22.875
custom_0227,val_tune,16,zscore,0.25,1.0,0.0,0.5,0.167656,0.024801,0.115058,0.115058,0.991406,0.965469,0.990625,0.9825,22.875
custom_0228,val_tune,16,zscore,0.25,1.0,0.0,0.75,0.167656,0.024801,0.115058,0.115058,0.991406,0.965469,0.990625,0.9825,22.875
custom_0001,val_tune,16,zscore,0.0,0.0,0.0,0.25,0.16804,0.024801,0.119283,0.119283,0.972824,0.967067,0.998437,0.979443,21.5
custom_0002,val_tune,16,zscore,0.0,0.0,0.0,0.5,0.16804,0.024801,0.119283,0.119283,0.972824,0.967067,0.998437,0.979443,21.5
custom_0003,val_tune,16,zscore,0.0,0.0,0.0,0.75,0.16804,0.024801,0.119283,0.119283,0.972824,0.967067,0.998437,0.979443,21.5
custom_0004,val_tune,16,zscore,0.0,0.0,0.0,1.0,0.16804,0.024801,0.119283,0.119283,0.972824,0.967067,0.998437,0.979443,21.5
custom_0027,val_tune,16,zscore,0.0,0.25,0.0,0.5,0.16804,0.024801,0.119283,0.119283,0.972824,0.967067,0.998437,0.979443,21.5
custom_0028,val_tune,16,zscore,0.0,0.25,0.0,0.75,0.16804,0.024801,0.119283,0.119283,0.972824,0.967067,0.998437,0.979443,21.5
custom_0029,val_tune,16,zscore,0.0,0.25,0.0,1.0,0.16804,0.024801,0.119283,0.119283,0.972824,0.967067,0.998437,0.979443,21.5
custom_0054,val_tune,16,zscore,0.0,0.5,0.0,1.0,0.16804,0.024801,0.119283,0.119283,0.972824,0.967067,0.998437,0.979443,21.5
custom_0203,val_tune,16,zscore,0.25,0.75,0.0,0.75,0.16804,0.024801,0.119283,0.119283,0.972824,0.967067,0.998437,0.979443,21.5
custom_0204,val_tune,16,zscore,0.25,0.75,0.0,1.0,0.16804,0.024801,0.119283,0.119283,0.972824,0.967067,0.998437,0.979443,21.5
custom_0229,val_tune,16,zscore,0.25,1.0,0.0,1.0,0.16804,0.024801,0.119283,0.119283,0.972824,0.967067,0.998437,0.979443,21.5
custom_0309,val_tune,16,zscore,0.5,0.5,0.25,1.0,0.16804,0.024801,0.119283,0.119283,0.972824,0.967067,0.998437,0.979443,21.5
custom_0333,val_tune,16,zscore,0.5,0.75,0.25,0.75,0.16804,0.024801,0.119283,0.119283,0.972824,0.967067,0.998437,0.979443,21.5
custom_0334,val_tune,16,zscore,0.5,0.75,0.25,1.0,0.16804,0.024801,0.119283,0.119283,0.972824,0.967067,0.998437,0.979443,21.5
custom_0358,val_tune,16,zscore,0.5,1.0,0.25,0.75,0.16804,0.024801,0.119283,0.119283,0.972824,0.967067,0.998437,0.979443,21.5
custom_0359,val_tune,16,zscore,0.5,1.0,0.25,1.0,0.16804,0.024801,0.119283,0.119283,0.972824,0.967067,0.998437,0.979443,21.5
custom_0134,val_tune,16,zscore,0.25,0.0,0.25,1.0,0.168692,0.013167,0.117984,0.117984,0.950798,0.984133,0.996875,0.977269,20.125
custom_0136,val_tune,16,zscore,0.25,0.0,0.5,0.25,0.168692,0.013167,0.117984,0.117984,0.950798,0.984133,0.996875,0.977269,20.125
custom_0137,val_tune,16,zscore,0.25,0.0,0.5,0.5,0.168692,0.013167,0.117984,0.117984,0.950798,0.984133,0.996875,0.977269,20.125
custom_0269,val_tune,16,zscore,0.5,0.0,0.75,1.0,0.168692,0.013167,0.117984,0.117984,0.950798,0.984133,0.996875,0.977269,20.125
custom_0272,val_tune,16,zscore,0.5,0.0,1.0,0.5,0.168692,0.013167,0.117984,0.117984,0.950798,0.984133,0.996875,0.977269,20.125
custom_0273,val_tune,16,zscore,0.5,0.0,1.0,0.75,0.168692,0.013167,0.117984,0.117984,0.950798,0.984133,0.996875,0.977269,20.125
custom_0274,val_tune,16,zscore,0.5,0.0,1.0,1.0,0.168692,0.013167,0.117984,0.117984,0.950798,0.984133,0.996875,0.977269,20.125
custom_0202,val_tune,16,zscore,0.25,0.75,0.0,0.5,0.167656,0.024801,0.115058,0.115058,0.988742,0.936042,0.989583,0.971456,23.0
custom_0226,val_tune,16,zscore,0.25,1.0,0.0,0.25,0.167656,0.024801,0.115058,0.115058,0.988742,0.936042,0.989583,0.971456,23.0
custom_0180,val_tune,16,zscore,0.25,0.5,0.25,0.0,0.165762,0.018849,0.110396,0.110396,0.971785,0.965342,0.974639,0.970589,20.0
custom_0360,val_tune,16,zscore,0.5,1.0,0.5,0.0,0.165762,0.018849,0.110396,0.110396,0.971785,0.965342,0.974639,0.970589,20.0
custom_0361,val_tune,16,zscore,0.5,1.0,0.5,0.25,0.165762,0.018849,0.110396,0.110396,0.971785,0.965342,0.974639,0.970589,20.0
summac_plus_factcc,val_tune,8,zscore,0.0,0.5,0.5,0.0,0.163198,0.024663,0.107832,0.107832,0.968761,0.965342,0.974639,0.969581,20.625
custom_0030,val_tune,8,zscore,0.0,0.25,0.25,0.0,0.163198,0.024663,0.107832,0.107832,0.968761,0.965342,0.974639,0.969581,20.625
custom_0031,val_tune,8,zscore,0.0,0.25,0.25,0.25,0.163198,0.024663,0.107832,0.107832,0.968761,0.965342,0.974639,0.969581,20.625
custom_0035,val_tune,8,zscore,0.0,0.25,0.5,0.0,0.163198,0.024663,0.107832,0.107832,0.968761,0.965342,0.974639,0.969581,20.625
custom_0036,val_tune,8,zscore,0.0,0.25,0.5,0.25,0.163198,0.024663,0.107832,0.107832,0.968761,0.965342,0.974639,0.969581,20.625
custom_0040,val_tune,8,zscore,0.0,0.25,0.75,0.0,0.163198,0.024663,0.107832,0.107832,0.968761,0.965342,0.974639,0.969581,20.625
custom_0041,val_tune,8,zscore,0.0,0.25,0.75,0.25,0.163198,0.024663,0.107832,0.107832,0.968761,0.965342,0.974639,0.969581,20.625
custom_0045,val_tune,8,zscore,0.0,0.25,1.0,0.0,0.163198,0.024663,0.107832,0.107832,0.968761,0.965342,0.974639,0.969581,20.625
custom_0055,val_tune,8,zscore,0.0,0.5,0.25,0.0,0.163198,0.024663,0.107832,0.107832,0.968761,0.965342,0.974639,0.969581,20.625
custom_0060,val_tune,8,zscore,0.0,0.5,0.5,0.0,0.163198,0.024663,0.107832,0.107832,0.968761,0.965342,0.974639,0.969581,20.625
custom_0061,val_tune,8,zscore,0.0,0.5,0.5,0.25,0.163198,0.024663,0.107832,0.107832,0.968761,0.965342,0.974639,0.969581,20.625
custom_0062,val_tune,8,zscore,0.0,0.5,0.5,0.5,0.163198,0.024663,0.107832,0.107832,0.968761,0.965342,0.974639,0.969581,20.625
custom_0065,val_tune,8,zscore,0.0,0.5,0.75,0.0,0.163198,0.024663,0.107832,0.107832,0.968761,0.965342,0.974639,0.969581,20.625
custom_0066,val_tune,8,zscore,0.0,0.5,0.75,0.25,0.163198,0.024663,0.107832,0.107832,0.968761,0.965342,0.974639,0.969581,20.625
custom_0067,val_tune,8,zscore,0.0,0.5,0.75,0.5,0.163198,0.024663,0.107832,0.107832,0.968761,0.965342,0.974639,0.969581,20.625
custom_0070,val_tune,8,zscore,0.0,0.5,1.0,0.0,0.163198,0.024663,0.107832,0.107832,0.968761,0.965342,0.974639,0.969581,20.625
custom_0071,val_tune,8,zscore,0.0,0.5,1.0,0.25,0.163198,0.024663,0.107832,0.107832,0.968761,0.965342,0.974639,0.969581,20.625
custom_0072,val_tune,8,zscore,0.0,0.5,1.0,0.5,0.163198,0.024663,0.107832,0.107832,0.968761,0.965342,0.974639,0.969581,20.625
custom_0085,val_tune,8,zscore,0.0,0.75,0.5,0.0,0.163198,0.024663,0.107832,0.107832,0.968761,0.965342,0.974639,0.969581,20.625
custom_0086,val_tune,8,zscore,0.0,0.75,0.5,0.25,0.163198,0.024663,0.107832,0.107832,0.968761,0.965342,0.974639,0.969581,20.625
custom_0087,val_tune,8,zscore,0.0,0.75,0.5,0.5,0.163198,0.024663,0.107832,0.107832,0.968761,0.965342,0.974639,0.969581,20.625
custom_0088,val_tune,8,zscore,0.0,0.75,0.5,0.75,0.163198,0.024663,0.107832,0.107832,0.968761,0.965342,0.974639,0.969581,20.625
custom_0090,val_tune,8,zscore,0.0,0.75,0.75,0.0,0.163198,0.024663,0.107832,0.107832,0.968761,0.965342,0.974639,0.969581,20.625
custom_0091,val_tune,8,zscore,0.0,0.75,0.75,0.25,0.163198,0.024663,0.107832,0.107832,0.968761,0.965342,0.974639,0.969581,20.625
custom_0092,val_tune,8,zscore,0.0,0.75,0.75,0.5,0.163198,0.024663,0.107832,0.107832,0.968761,0.965342,0.974639,0.969581,20.625
custom_0093,val_tune,8,zscore,0.0,0.75,0.75,0.75,0.163198,0.024663,0.107832,0.107832,0.968761,0.965342,0.974639,0.969581,20.625
custom_0094,val_tune,8,zscore,0.0,0.75,0.75,1.0,0.163198,0.024663,0.107832,0.107832,0.968761,0.965342,0.974639,0.969581,20.625
custom_0095,val_tune,8,zscore,0.0,0.75,1.0,0.0,0.163198,0.024663,0.107832,0.107832,0.968761,0.965342,0.974639,0.969581,20.625
custom_0096,val_tune,8,zscore,0.0,0.75,1.0,0.25,0.163198,0.024663,0.107832,0.107832,0.968761,0.965342,0.974639,0.969581,20.625
custom_0097,val_tune,8,zscore,0.0,0.75,1.0,0.5,0.163198,0.024663,0.107832,0.107832,0.968761,0.965342,0.974639,0.969581,20.625
custom_0098,val_tune,8,zscore,0.0,0.75,1.0,0.75,0.163198,0.024663,0.107832,0.107832,0.968761,0.965342,0.974639,0.969581,20.625
custom_0110,val_tune,8,zscore,0.0,1.0,0.5,0.0,0.163198,0.024663,0.107832,0.107832,0.968761,0.965342,0.974639,0.969581,20.625
custom_0111,val_tune,8,zscore,0.0,1.0,0.5,0.25,0.163198,0.024663,0.107832,0.107832,0.968761,0.965342,0.974639,0.969581,20.625
custom_0115,val_tune,8,zscore,0.0,1.0,0.75,0.0,0.163198,0.024663,0.107832,0.107832,0.968761,0.965342,0.974639,0.969581,20.625
custom_0116,val_tune,8,zscore,0.0,1.0,0.75,0.25,0.163198,0.024663,0.107832,0.107832,0.968761,0.965342,0.974639,0.969581,20.625
custom_0117,val_tune,8,zscore,0.0,1.0,0.75,0.5,0.163198,0.024663,0.107832,0.107832,0.968761,0.965342,0.974639,0.969581,20.625
custom_0118,val_tune,8,zscore,0.0,1.0,0.75,0.75,0.163198,0.024663,0.107832,0.107832,0.968761,0.965342,0.974639,0.969581,20.625
custom_0119,val_tune,8,zscore,0.0,1.0,0.75,1.0,0.163198,0.024663,0.107832,0.107832,0.968761,0.965342,0.974639,0.969581,20.625
custom_0120,val_tune,8,zscore,0.0,1.0,1.0,0.0,0.163198,0.024663,0.107832,0.107832,0.968761,0.965342,0.974639,0.969581,20.625
custom_0121,val_tune,8,zscore,0.0,1.0,1.0,0.25,0.163198,0.024663,0.107832,0.107832,0.968761,0.965342,0.974639,0.969581,20.625
custom_0122,val_tune,8,zscore,0.0,1.0,1.0,0.5,0.163198,0.024663,0.107832,0.107832,0.968761,0.965342,0.974639,0.969581,20.625
custom_0123,val_tune,8,zscore,0.0,1.0,1.0,0.75,0.163198,0.024663,0.107832,0.107832,0.968761,0.965342,0.974639,0.969581,20.625
custom_0124,val_tune,8,zscore,0.0,1.0,1.0,1.0,0.163198,0.024663,0.107832,0.107832,0.968761,0.965342,0.974639,0.969581,20.625
custom_0210,val_tune,8,zscore,0.25,0.75,0.5,0.0,0.163198,0.024663,0.107832,0.107832,0.968761,0.965342,0.974639,0.969581,20.625
custom_0215,val_tune,8,zscore,0.25,0.75,0.75,0.0,0.163198,0.024663,0.107832,0.107832,0.968761,0.965342,0.974639,0.969581,20.625
custom_0220,val_tune,8,zscore,0.25,0.75,1.0,0.0,0.163198,0.024663,0.107832,0.107832,0.968761,0.965342,0.974639,0.969581,20.625
custom_0235,val_tune,8,zscore,0.25,1.0,0.5,0.0,0.163198,0.024663,0.107832,0.107832,0.968761,0.965342,0.974639,0.969581,20.625
custom_0236,val_tune,8,zscore,0.25,1.0,0.5,0.25,0.163198,0.024663,0.107832,0.107832,0.968761,0.965342,0.974639,0.969581,20.625
custom_0237,val_tune,8,zscore,0.25,1.0,0.5,0.5,0.163198,0.024663,0.107832,0.107832,0.968761,0.965342,0.974639,0.969581,20.625
custom_0240,val_tune,8,zscore,0.25,1.0,0.75,0.0,0.163198,0.024663,0.107832,0.107832,0.968761,0.965342,0.974639,0.969581,20.625
custom_0241,val_tune,8,zscore,0.25,1.0,0.75,0.25,0.163198,0.024663,0.107832,0.107832,0.968761,0.965342,0.974639,0.969581,20.625
custom_0242,val_tune,8,zscore,0.25,1.0,0.75,0.5,0.163198,0.024663,0.107832,0.107832,0.968761,0.965342,0.974639,0.969581,20.625
custom_0245,val_tune,8,zscore,0.25,1.0,1.0,0.0,0.163198,0.024663,0.107832,0.107832,0.968761,0.965342,0.974639,0.969581,20.625
custom_0246,val_tune,8,zscore,0.25,1.0,1.0,0.25,0.163198,0.024663,0.107832,0.107832,0.968761,0.965342,0.974639,0.969581,20.625
custom_0179,val_tune,16,zscore,0.25,0.5,0.0,1.0,0.16804,0.024801,0.119283,0.119283,0.970159,0.93764,0.997396,0.968398,21.625
custom_0056,val_tune,8,zscore,0.0,0.5,0.25,0.25,0.163671,0.024663,0.108069,0.108069,0.975491,0.951172,0.976562,0.967742,20.5
custom_0057,val_tune,8,zscore,0.0,0.5,0.25,0.5,0.163671,0.024663,0.108069,0.108069,0.975491,0.951172,0.976562,0.967742,20.5
custom_0080,val_tune,8,zscore,0.0,0.75,0.25,0.0,0.163671,0.024663,0.108069,0.108069,0.975491,0.951172,0.976562,0.967742,20.5
custom_0081,val_tune,8,zscore,0.0,0.75,0.25,0.25,0.163671,0.024663,0.108069,0.108069,0.975491,0.951172,0.976562,0.967742,20.5
custom_0082,val_tune,8,zscore,0.0,0.75,0.25,0.5,0.163671,0.024663,0.108069,0.108069,0.975491,0.951172,0.976562,0.967742,20.5
custom_0083,val_tune,8,zscore,0.0,0.75,0.25,0.75,0.163671,0.024663,0.108069,0.108069,0.975491,0.951172,0.976562,0.967742,20.5
custom_0084,val_tune,8,zscore,0.0,0.75,0.25,1.0,0.163671,0.024663,0.108069,0.108069,0.975491,0.951172,0.976562,0.967742,20.5
custom_0089,val_tune,8,zscore,0.0,0.75,0.5,1.0,0.163671,0.024663,0.108069,0.108069,0.975491,0.951172,0.976562,0.967742,20.5
custom_0105,val_tune,8,zscore,0.0,1.0,0.25,0.0,0.163671,0.024663,0.108069,0.108069,0.975491,0.951172,0.976562,0.967742,20.5
custom_0106,val_tune,8,zscore,0.0,1.0,0.25,0.25,0.163671,0.024663,0.108069,0.108069,0.975491,0.951172,0.976562,0.967742,20.5
custom_0107,val_tune,8,zscore,0.0,1.0,0.25,0.5,0.163671,0.024663,0.108069,0.108069,0.975491,0.951172,0.976562,0.967742,20.5
custom_0108,val_tune,8,zscore,0.0,1.0,0.25,0.75,0.163671,0.024663,0.108069,0.108069,0.975491,0.951172,0.976562,0.967742,20.5
custom_0109,val_tune,8,zscore,0.0,1.0,0.25,1.0,0.163671,0.024663,0.108069,0.108069,0.975491,0.951172,0.976562,0.967742,20.5
custom_0112,val_tune,8,zscore,0.0,1.0,0.5,0.5,0.163671,0.024663,0.108069,0.108069,0.975491,0.951172,0.976562,0.967742,20.5
custom_0113,val_tune,8,zscore,0.0,1.0,0.5,0.75,0.163671,0.024663,0.108069,0.108069,0.975491,0.951172,0.976562,0.967742,20.5
custom_0114,val_tune,8,zscore,0.0,1.0,0.5,1.0,0.163671,0.024663,0.108069,0.108069,0.975491,0.951172,0.976562,0.967742,20.5
logprob_plus_summac_plus_factcc,val_tune,16,zscore,0.34,0.33,0.33,0.0,0.166146,0.018849,0.11462,0.11462,0.953202,0.96694,0.982452,0.967532,18.625
logprob_plus_summac_plus_factcc_plus_entity_support,val_tune,16,zscore,0.25,0.25,0.25,0.25,0.166146,0.018849,0.11462,0.11462,0.953202,0.96694,0.982452,0.967532,18.625
custom_0155,val_tune,16,zscore,0.25,0.25,0.25,0.0,0.166146,0.018849,0.11462,0.11462,0.953202,0.96694,0.982452,0.967532,18.625
custom_0156,val_tune,16,zscore,0.25,0.25,0.25,0.25,0.166146,0.018849,0.11462,0.11462,0.953202,0.96694,0.982452,0.967532,18.625
custom_0160,val_tune,16,zscore,0.25,0.25,0.5,0.0,0.166146,0.018849,0.11462,0.11462,0.953202,0.96694,0.982452,0.967532,18.625
custom_0288,val_tune,16,zscore,0.5,0.25,0.5,0.75,0.166146,0.018849,0.11462,0.11462,0.953202,0.96694,0.982452,0.967532,18.625
custom_0290,val_tune,16,zscore,0.5,0.25,0.75,0.0,0.166146,0.018849,0.11462,0.11462,0.953202,0.96694,0.982452,0.967532,18.625
custom_0291,val_tune,16,zscore,0.5,0.25,0.75,0.25,0.166146,0.018849,0.11462,0.11462,0.953202,0.96694,0.982452,0.967532,18.625
custom_0292,val_tune,16,zscore,0.5,0.25,0.75,0.5,0.166146,0.018849,0.11462,0.11462,0.953202,0.96694,0.982452,0.967532,18.625
custom_0295,val_tune,16,zscore,0.5,0.25,1.0,0.0,0.166146,0.018849,0.11462,0.11462,0.953202,0.96694,0.982452,0.967532,18.625
custom_0296,val_tune,16,zscore,0.5,0.25,1.0,0.25,0.166146,0.018849,0.11462,0.11462,0.953202,0.96694,0.982452,0.967532,18.625
custom_0310,val_tune,16,zscore,0.5,0.5,0.5,0.0,0.166146,0.018849,0.11462,0.11462,0.953202,0.96694,0.982452,0.967532,18.625
custom_0311,val_tune,16,zscore,0.5,0.5,0.5,0.25,0.166146,0.018849,0.11462,0.11462,0.953202,0.96694,0.982452,0.967532,18.625
custom_0312,val_tune,16,zscore,0.5,0.5,0.5,0.5,0.166146,0.018849,0.11462,0.11462,0.953202,0.96694,0.982452,0.967532,18.625
custom_0315,val_tune,16,zscore,0.5,0.5,0.75,0.0,0.166146,0.018849,0.11462,0.11462,0.953202,0.96694,0.982452,0.967532,18.625
custom_0316,val_tune,16,zscore,0.5,0.5,0.75,0.25,0.166146,0.018849,0.11462,0.11462,0.953202,0.96694,0.982452,0.967532,18.625
custom_0320,val_tune,16,zscore,0.5,0.5,1.0,0.0,0.166146,0.018849,0.11462,0.11462,0.953202,0.96694,0.982452,0.967532,18.625
custom_0335,val_tune,16,zscore,0.5,0.75,0.5,0.0,0.166146,0.018849,0.11462,0.11462,0.953202,0.96694,0.982452,0.967532,18.625
custom_0336,val_tune,16,zscore,0.5,0.75,0.5,0.25,0.166146,0.018849,0.11462,0.11462,0.953202,0.96694,0.982452,0.967532,18.625
custom_0340,val_tune,16,zscore,0.5,0.75,0.75,0.0,0.166146,0.018849,0.11462,0.11462,0.953202,0.96694,0.982452,0.967532,18.625
custom_0441,val_tune,16,zscore,0.75,0.5,0.75,0.25,0.166146,0.018849,0.11462,0.11462,0.953202,0.96694,0.982452,0.967532,18.625
custom_0442,val_tune,16,zscore,0.75,0.5,0.75,0.5,0.166146,0.018849,0.11462,0.11462,0.953202,0.96694,0.982452,0.967532,18.625
custom_0443,val_tune,16,zscore,0.75,0.5,0.75,0.75,0.166146,0.018849,0.11462,0.11462,0.953202,0.96694,0.982452,0.967532,18.625
custom_0444,val_tune,16,zscore,0.75,0.5,0.75,1.0,0.166146,0.018849,0.11462,0.11462,0.953202,0.96694,0.982452,0.967532,18.625
custom_0445,val_tune,16,zscore,0.75,0.5,1.0,0.0,0.166146,0.018849,0.11462,0.11462,0.953202,0.96694,0.982452,0.967532,18.625
custom_0446,val_tune,16,zscore,0.75,0.5,1.0,0.25,0.166146,0.018849,0.11462,0.11462,0.953202,0.96694,0.982452,0.967532,18.625
custom_0447,val_tune,16,zscore,0.75,0.5,1.0,0.5,0.166146,0.018849,0.11462,0.11462,0.953202,0.96694,0.982452,0.967532,18.625
custom_0448,val_tune,16,zscore,0.75,0.5,1.0,0.75,0.166146,0.018849,0.11462,0.11462,0.953202,0.96694,0.982452,0.967532,18.625
custom_0465,val_tune,16,zscore,0.75,0.75,0.75,0.0,0.166146,0.018849,0.11462,0.11462,0.953202,0.96694,0.982452,0.967532,18.625
custom_0466,val_tune,16,zscore,0.75,0.75,0.75,0.25,0.166146,0.018849,0.11462,0.11462,0.953202,0.96694,0.982452,0.967532,18.625
custom_0467,val_tune,16,zscore,0.75,0.75,0.75,0.5,0.166146,0.018849,0.11462,0.11462,0.953202,0.96694,0.982452,0.967532,18.625
custom_0468,val_tune,16,zscore,0.75,0.75,0.75,0.75,0.166146,0.018849,0.11462,0.11462,0.953202,0.96694,0.982452,0.967532,18.625
custom_0470,val_tune,16,zscore,0.75,0.75,1.0,0.0,0.166146,0.018849,0.11462,0.11462,0.953202,0.96694,0.982452,0.967532,18.625
custom_0471,val_tune,16,zscore,0.75,0.75,1.0,0.25,0.166146,0.018849,0.11462,0.11462,0.953202,0.96694,0.982452,0.967532,18.625
custom_0472,val_tune,16,zscore,0.75,0.75,1.0,0.5,0.166146,0.018849,0.11462,0.11462,0.953202,0.96694,0.982452,0.967532,18.625
custom_0490,val_tune,16,zscore,0.75,1.0,0.75,0.0,0.166146,0.018849,0.11462,0.11462,0.953202,0.96694,0.982452,0.967532,18.625
custom_0491,val_tune,16,zscore,0.75,1.0,0.75,0.25,0.166146,0.018849,0.11462,0.11462,0.953202,0.96694,0.982452,0.967532,18.625
custom_0492,val_tune,16,zscore,0.75,1.0,0.75,0.5,0.166146,0.018849,0.11462,0.11462,0.953202,0.96694,0.982452,0.967532,18.625
custom_0493,val_tune,16,zscore,0.75,1.0,0.75,0.75,0.166146,0.018849,0.11462,0.11462,0.953202,0.96694,0.982452,0.967532,18.625
custom_0495,val_tune,16,zscore,0.75,1.0,1.0,0.0,0.166146,0.018849,0.11462,0.11462,0.953202,0.96694,0.982452,0.967532,18.625
custom_0496,val_tune,16,zscore,0.75,1.0,1.0,0.25,0.166146,0.018849,0.11462,0.11462,0.953202,0.96694,0.982452,0.967532,18.625
custom_0595,val_tune,16,zscore,1.0,0.75,1.0,0.0,0.166146,0.018849,0.11462,0.11462,0.953202,0.96694,0.982452,0.967532,18.625
custom_0596,val_tune,16,zscore,1.0,0.75,1.0,0.25,0.166146,0.018849,0.11462,0.11462,0.953202,0.96694,0.982452,0.967532,18.625
custom_0597,val_tune,16,zscore,1.0,0.75,1.0,0.5,0.166146,0.018849,0.11462,0.11462,0.953202,0.96694,0.982452,0.967532,18.625
custom_0598,val_tune,16,zscore,1.0,0.75,1.0,0.75,0.166146,0.018849,0.11462,0.11462,0.953202,0.96694,0.982452,0.967532,18.625
custom_0599,val_tune,16,zscore,1.0,0.75,1.0,1.0,0.166146,0.018849,0.11462,0.11462,0.953202,0.96694,0.982452,0.967532,18.625
custom_0620,val_tune,16,zscore,1.0,1.0,1.0,0.0,0.166146,0.018849,0.11462,0.11462,0.953202,0.96694,0.982452,0.967532,18.625
custom_0621,val_tune,16,zscore,1.0,1.0,1.0,0.25,0.166146,0.018849,0.11462,0.11462,0.953202,0.96694,0.982452,0.967532,18.625
custom_0622,val_tune,16,zscore,1.0,1.0,1.0,0.5,0.166146,0.018849,0.11462,0.11462,0.953202,0.96694,0.982452,0.967532,18.625
custom_0623,val_tune,16,zscore,1.0,1.0,1.0,0.75,0.166146,0.018849,0.11462,0.11462,0.953202,0.96694,0.982452,0.967532,18.625
custom_0624,val_tune,16,zscore,1.0,1.0,1.0,1.0,0.166146,0.018849,0.11462,0.11462,0.953202,0.96694,0.982452,0.967532,18.625
factcc_only,val_tune,8,zscore,0.0,0.0,1.0,0.0,0.163582,0.024663,0.112056,0.112056,0.950178,0.96694,0.982452,0.966523,19.25
custom_0005,val_tune,8,zscore,0.0,0.0,0.25,0.0,0.163582,0.024663,0.112056,0.112056,0.950178,0.96694,0.982452,0.966523,19.25
custom_0006,val_tune,8,zscore,0.0,0.0,0.25,0.25,0.163582,0.024663,0.112056,0.112056,0.950178,0.96694,0.982452,0.966523,19.25
custom_0007,val_tune,8,zscore,0.0,0.0,0.25,0.5,0.163582,0.024663,0.112056,0.112056,0.950178,0.96694,0.982452,0.966523,19.25
custom_0008,val_tune,8,zscore,0.0,0.0,0.25,0.75,0.163582,0.024663,0.112056,0.112056,0.950178,0.96694,0.982452,0.966523,19.25
custom_0009,val_tune,8,zscore,0.0,0.0,0.25,1.0,0.163582,0.024663,0.112056,0.112056,0.950178,0.96694,0.982452,0.966523,19.25
custom_0010,val_tune,8,zscore,0.0,0.0,0.5,0.0,0.163582,0.024663,0.112056,0.112056,0.950178,0.96694,0.982452,0.966523,19.25
custom_0011,val_tune,8,zscore,0.0,0.0,0.5,0.25,0.163582,0.024663,0.112056,0.112056,0.950178,0.96694,0.982452,0.966523,19.25
custom_0012,val_tune,8,zscore,0.0,0.0,0.5,0.5,0.163582,0.024663,0.112056,0.112056,0.950178,0.96694,0.982452,0.966523,19.25
custom_0013,val_tune,8,zscore,0.0,0.0,0.5,0.75,0.163582,0.024663,0.112056,0.112056,0.950178,0.96694,0.982452,0.966523,19.25
custom_0014,val_tune,8,zscore,0.0,0.0,0.5,1.0,0.163582,0.024663,0.112056,0.112056,0.950178,0.96694,0.982452,0.966523,19.25
custom_0015,val_tune,8,zscore,0.0,0.0,0.75,0.0,0.163582,0.024663,0.112056,0.112056,0.950178,0.96694,0.982452,0.966523,19.25
custom_0016,val_tune,8,zscore,0.0,0.0,0.75,0.25,0.163582,0.024663,0.112056,0.112056,0.950178,0.96694,0.982452,0.966523,19.25
custom_0017,val_tune,8,zscore,0.0,0.0,0.75,0.5,0.163582,0.024663,0.112056,0.112056,0.950178,0.96694,0.982452,0.966523,19.25
custom_0018,val_tune,8,zscore,0.0,0.0,0.75,0.75,0.163582,0.024663,0.112056,0.112056,0.950178,0.96694,0.982452,0.966523,19.25
custom_0019,val_tune,8,zscore,0.0,0.0,0.75,1.0,0.163582,0.024663,0.112056,0.112056,0.950178,0.96694,0.982452,0.966523,19.25
custom_0020,val_tune,8,zscore,0.0,0.0,1.0,0.0,0.163582,0.024663,0.112056,0.112056,0.950178,0.96694,0.982452,0.966523,19.25
custom_0021,val_tune,8,zscore,0.0,0.0,1.0,0.25,0.163582,0.024663,0.112056,0.112056,0.950178,0.96694,0.982452,0.966523,19.25
custom_0022,val_tune,8,zscore,0.0,0.0,1.0,0.5,0.163582,0.024663,0.112056,0.112056,0.950178,0.96694,0.982452,0.966523,19.25
custom_0023,val_tune,8,zscore,0.0,0.0,1.0,0.75,0.163582,0.024663,0.112056,0.112056,0.950178,0.96694,0.982452,0.966523,19.25
custom_0024,val_tune,8,zscore,0.0,0.0,1.0,1.0,0.163582,0.024663,0.112056,0.112056,0.950178,0.96694,0.982452,0.966523,19.25
custom_0032,val_tune,8,zscore,0.0,0.25,0.25,0.5,0.163582,0.024663,0.112056,0.112056,0.950178,0.96694,0.982452,0.966523,19.25
custom_0037,val_tune,8,zscore,0.0,0.25,0.5,0.5,0.163582,0.024663,0.112056,0.112056,0.950178,0.96694,0.982452,0.966523,19.25
custom_0038,val_tune,8,zscore,0.0,0.25,0.5,0.75,0.163582,0.024663,0.112056,0.112056,0.950178,0.96694,0.982452,0.966523,19.25
custom_0039,val_tune,8,zscore,0.0,0.25,0.5,1.0,0.163582,0.024663,0.112056,0.112056,0.950178,0.96694,0.982452,0.966523,19.25
custom_0042,val_tune,8,zscore,0.0,0.25,0.75,0.5,0.163582,0.024663,0.112056,0.112056,0.950178,0.96694,0.982452,0.966523,19.25
custom_0043,val_tune,8,zscore,0.0,0.25,0.75,0.75,0.163582,0.024663,0.112056,0.112056,0.950178,0.96694,0.982452,0.966523,19.25
custom_0044,val_tune,8,zscore,0.0,0.25,0.75,1.0,0.163582,0.024663,0.112056,0.112056,0.950178,0.96694,0.982452,0.966523,19.25
custom_0046,val_tune,8,zscore,0.0,0.25,1.0,0.25,0.163582,0.024663,0.112056,0.112056,0.950178,0.96694,0.982452,0.966523,19.25
custom_0047,val_tune,8,zscore,0.0,0.25,1.0,0.5,0.163582,0.024663,0.112056,0.112056,0.950178,0.96694,0.982452,0.966523,19.25
custom_0048,val_tune,8,zscore,0.0,0.25,1.0,0.75,0.163582,0.024663,0.112056,0.112056,0.950178,0.96694,0.982452,0.966523,19.25
custom_0049,val_tune,8,zscore,0.0,0.25,1.0,1.0,0.163582,0.024663,0.112056,0.112056,0.950178,0.96694,0.982452,0.966523,19.25
custom_0063,val_tune,8,zscore,0.0,0.5,0.5,0.75,0.163582,0.024663,0.112056,0.112056,0.950178,0.96694,0.982452,0.966523,19.25
custom_0064,val_tune,8,zscore,0.0,0.5,0.5,1.0,0.163582,0.024663,0.112056,0.112056,0.950178,0.96694,0.982452,0.966523,19.25
custom_0068,val_tune,8,zscore,0.0,0.5,0.75,0.75,0.163582,0.024663,0.112056,0.112056,0.950178,0.96694,0.982452,0.966523,19.25
custom_0069,val_tune,8,zscore,0.0,0.5,0.75,1.0,0.163582,0.024663,0.112056,0.112056,0.950178,0.96694,0.982452,0.966523,19.25
custom_0073,val_tune,8,zscore,0.0,0.5,1.0,0.75,0.163582,0.024663,0.112056,0.112056,0.950178,0.96694,0.982452,0.966523,19.25
custom_0074,val_tune,8,zscore,0.0,0.5,1.0,1.0,0.163582,0.024663,0.112056,0.112056,0.950178,0.96694,0.982452,0.966523,19.25
custom_0099,val_tune,8,zscore,0.0,0.75,1.0,1.0,0.163582,0.024663,0.112056,0.112056,0.950178,0.96694,0.982452,0.966523,19.25
custom_0144,val_tune,8,zscore,0.25,0.0,0.75,1.0,0.163582,0.024663,0.112056,0.112056,0.950178,0.96694,0.982452,0.966523,19.25
custom_0145,val_tune,8,zscore,0.25,0.0,1.0,0.0,0.163582,0.024663,0.112056,0.112056,0.950178,0.96694,0.982452,0.966523,19.25
custom_0146,val_tune,8,zscore,0.25,0.0,1.0,0.25,0.163582,0.024663,0.112056,0.112056,0.950178,0.96694,0.982452,0.966523,19.25
custom_0147,val_tune,8,zscore,0.25,0.0,1.0,0.5,0.163582,0.024663,0.112056,0.112056,0.950178,0.96694,0.982452,0.966523,19.25
custom_0148,val_tune,8,zscore,0.25,0.0,1.0,0.75,0.163582,0.024663,0.112056,0.112056,0.950178,0.96694,0.982452,0.966523,19.25
custom_0149,val_tune,8,zscore,0.25,0.0,1.0,1.0,0.163582,0.024663,0.112056,0.112056,0.950178,0.96694,0.982452,0.966523,19.25
custom_0160,val_tune,8,zscore,0.25,0.25,0.5,0.0,0.163582,0.024663,0.112056,0.112056,0.950178,0.96694,0.982452,0.966523,19.25
custom_0161,val_tune,8,zscore,0.25,0.25,0.5,0.25,0.163582,0.024663,0.112056,0.112056,0.950178,0.96694,0.982452,0.966523,19.25
custom_0162,val_tune,8,zscore,0.25,0.25,0.5,0.5,0.163582,0.024663,0.112056,0.112056,0.950178,0.96694,0.982452,0.966523,19.25
custom_0163,val_tune,8,zscore,0.25,0.25,0.5,0.75,0.163582,0.024663,0.112056,0.112056,0.950178,0.96694,0.982452,0.966523,19.25
custom_0164,val_tune,8,zscore,0.25,0.25,0.5,1.0,0.163582,0.024663,0.112056,0.112056,0.950178,0.96694,0.982452,0.966523,19.25
custom_0165,val_tune,8,zscore,0.25,0.25,0.75,0.0,0.163582,0.024663,0.112056,0.112056,0.950178,0.96694,0.982452,0.966523,19.25
custom_0166,val_tune,8,zscore,0.25,0.25,0.75,0.25,0.163582,0.024663,0.112056,0.112056,0.950178,0.96694,0.982452,0.966523,19.25
custom_0167,val_tune,8,zscore,0.25,0.25,0.75,0.5,0.163582,0.024663,0.112056,0.112056,0.950178,0.96694,0.982452,0.966523,19.25
custom_0168,val_tune,8,zscore,0.25,0.25,0.75,0.75,0.163582,0.024663,0.112056,0.112056,0.950178,0.96694,0.982452,0.966523,19.25
custom_0169,val_tune,8,zscore,0.25,0.25,0.75,1.0,0.163582,0.024663,0.112056,0.112056,0.950178,0.96694,0.982452,0.966523,19.25
custom_0170,val_tune,8,zscore,0.25,0.25,1.0,0.0,0.163582,0.024663,0.112056,0.112056,0.950178,0.96694,0.982452,0.966523,19.25
custom_0171,val_tune,8,zscore,0.25,0.25,1.0,0.25,0.163582,0.024663,0.112056,0.112056,0.950178,0.96694,0.982452,0.966523,19.25
custom_0172,val_tune,8,zscore,0.25,0.25,1.0,0.5,0.163582,0.024663,0.112056,0.112056,0.950178,0.96694,0.982452,0.966523,19.25
custom_0173,val_tune,8,zscore,0.25,0.25,1.0,0.75,0.163582,0.024663,0.112056,0.112056,0.950178,0.96694,0.982452,0.966523,19.25
custom_0174,val_tune,8,zscore,0.25,0.25,1.0,1.0,0.163582,0.024663,0.112056,0.112056,0.950178,0.96694,0.982452,0.966523,19.25
custom_0185,val_tune,8,zscore,0.25,0.5,0.5,0.0,0.163582,0.024663,0.112056,0.112056,0.950178,0.96694,0.982452,0.966523,19.25
custom_0186,val_tune,8,zscore,0.25,0.5,0.5,0.25,0.163582,0.024663,0.112056,0.112056,0.950178,0.96694,0.982452,0.966523,19.25
custom_0187,val_tune,8,zscore,0.25,0.5,0.5,0.5,0.163582,0.024663,0.112056,0.112056,0.950178,0.96694,0.982452,0.966523,19.25
custom_0188,val_tune,8,zscore,0.25,0.5,0.5,0.75,0.163582,0.024663,0.112056,0.112056,0.950178,0.96694,0.982452,0.966523,19.25
custom_0189,val_tune,8,zscore,0.25,0.5,0.5,1.0,0.163582,0.024663,0.112056,0.112056,0.950178,0.96694,0.982452,0.966523,19.25
custom_0190,val_tune,8,zscore,0.25,0.5,0.75,0.0,0.163582,0.024663,0.112056,0.112056,0.950178,0.96694,0.982452,0.966523,19.25
custom_0191,val_tune,8,zscore,0.25,0.5,0.75,0.25,0.163582,0.024663,0.112056,0.112056,0.950178,0.96694,0.982452,0.966523,19.25
custom_0192,val_tune,8,zscore,0.25,0.5,0.75,0.5,0.163582,0.024663,0.112056,0.112056,0.950178,0.96694,0.982452,0.966523,19.25
custom_0193,val_tune,8,zscore,0.25,0.5,0.75,0.75,0.163582,0.024663,0.112056,0.112056,0.950178,0.96694,0.982452,0.966523,19.25
custom_0194,val_tune,8,zscore,0.25,0.5,0.75,1.0,0.163582,0.024663,0.112056,0.112056,0.950178,0.96694,0.982452,0.966523,19.25
custom_0195,val_tune,8,zscore,0.25,0.5,1.0,0.0,0.163582,0.024663,0.112056,0.112056,0.950178,0.96694,0.982452,0.966523,19.25
custom_0196,val_tune,8,zscore,0.25,0.5,1.0,0.25,0.163582,0.024663,0.112056,0.112056,0.950178,0.96694,0.982452,0.966523,19.25
custom_0197,val_tune,8,zscore,0.25,0.5,1.0,0.5,0.163582,0.024663,0.112056,0.112056,0.950178,0.96694,0.982452,0.966523,19.25
custom_0198,val_tune,8,zscore,0.25,0.5,1.0,0.75,0.163582,0.024663,0.112056,0.112056,0.950178,0.96694,0.982452,0.966523,19.25
custom_0199,val_tune,8,zscore,0.25,0.5,1.0,1.0,0.163582,0.024663,0.112056,0.112056,0.950178,0.96694,0.982452,0.966523,19.25
custom_0211,val_tune,8,zscore,0.25,0.75,0.5,0.25,0.163582,0.024663,0.112056,0.112056,0.950178,0.96694,0.982452,0.966523,19.25
custom_0212,val_tune,8,zscore,0.25,0.75,0.5,0.5,0.163582,0.024663,0.112056,0.112056,0.950178,0.96694,0.982452,0.966523,19.25
custom_0213,val_tune,8,zscore,0.25,0.75,0.5,0.75,0.163582,0.024663,0.112056,0.112056,0.950178,0.96694,0.982452,0.966523,19.25
custom_0214,val_tune,8,zscore,0.25,0.75,0.5,1.0,0.163582,0.024663,0.112056,0.112056,0.950178,0.96694,0.982452,0.966523,19.25
custom_0216,val_tune,8,zscore,0.25,0.75,0.75,0.25,0.163582,0.024663,0.112056,0.112056,0.950178,0.96694,0.982452,0.966523,19.25
custom_0217,val_tune,8,zscore,0.25,0.75,0.75,0.5,0.163582,0.024663,0.112056,0.112056,0.950178,0.96694,0.982452,0.966523,19.25
custom_0218,val_tune,8,zscore,0.25,0.75,0.75,0.75,0.163582,0.024663,0.112056,0.112056,0.950178,0.96694,0.982452,0.966523,19.25
custom_0219,val_tune,8,zscore,0.25,0.75,0.75,1.0,0.163582,0.024663,0.112056,0.112056,0.950178,0.96694,0.982452,0.966523,19.25
custom_0221,val_tune,8,zscore,0.25,0.75,1.0,0.25,0.163582,0.024663,0.112056,0.112056,0.950178,0.96694,0.982452,0.966523,19.25
custom_0222,val_tune,8,zscore,0.25,0.75,1.0,0.5,0.163582,0.024663,0.112056,0.112056,0.950178,0.96694,0.982452,0.966523,19.25
custom_0223,val_tune,8,zscore,0.25,0.75,1.0,0.75,0.163582,0.024663,0.112056,0.112056,0.950178,0.96694,0.982452,0.966523,19.25
custom_0224,val_tune,8,zscore,0.25,0.75,1.0,1.0,0.163582,0.024663,0.112056,0.112056,0.950178,0.96694,0.982452,0.966523,19.25
custom_0238,val_tune,8,zscore,0.25,1.0,0.5,0.75,0.163582,0.024663,0.112056,0.112056,0.950178,0.96694,0.982452,0.966523,19.25
custom_0239,val_tune,8,zscore,0.25,1.0,0.5,1.0,0.163582,0.024663,0.112056,0.112056,0.950178,0.96694,0.982452,0.966523,19.25
custom_0243,val_tune,8,zscore,0.25,1.0,0.75,0.75,0.163582,0.024663,0.112056,0.112056,0.950178,0.96694,0.982452,0.966523,19.25
custom_0244,val_tune,8,zscore,0.25,1.0,0.75,1.0,0.163582,0.024663,0.112056,0.112056,0.950178,0.96694,0.982452,0.966523,19.25
custom_0247,val_tune,8,zscore,0.25,1.0,1.0,0.5,0.163582,0.024663,0.112056,0.112056,0.950178,0.96694,0.982452,0.966523,19.25
custom_0248,val_tune,8,zscore,0.25,1.0,1.0,0.75,0.163582,0.024663,0.112056,0.112056,0.950178,0.96694,0.982452,0.966523,19.25
custom_0249,val_tune,8,zscore,0.25,1.0,1.0,1.0,0.163582,0.024663,0.112056,0.112056,0.950178,0.96694,0.982452,0.966523,19.25
custom_0320,val_tune,8,zscore,0.5,0.5,1.0,0.0,0.163582,0.024663,0.112056,0.112056,0.950178,0.96694,0.982452,0.966523,19.25
custom_0321,val_tune,8,zscore,0.5,0.5,1.0,0.25,0.163582,0.024663,0.112056,0.112056,0.950178,0.96694,0.982452,0.966523,19.25
custom_0322,val_tune,8,zscore,0.5,0.5,1.0,0.5,0.163582,0.024663,0.112056,0.112056,0.950178,0.96694,0.982452,0.966523,19.25
custom_0323,val_tune,8,zscore,0.5,0.5,1.0,0.75,0.163582,0.024663,0.112056,0.112056,0.950178,0.96694,0.982452,0.966523,19.25
custom_0324,val_tune,8,zscore,0.5,0.5,1.0,1.0,0.163582,0.024663,0.112056,0.112056,0.950178,0.96694,0.982452,0.966523,19.25
custom_0345,val_tune,8,zscore,0.5,0.75,1.0,0.0,0.163582,0.024663,0.112056,0.112056,0.950178,0.96694,0.982452,0.966523,19.25
custom_0346,val_tune,8,zscore,0.5,0.75,1.0,0.25,0.163582,0.024663,0.112056,0.112056,0.950178,0.96694,0.982452,0.966523,19.25
custom_0347,val_tune,8,zscore,0.5,0.75,1.0,0.5,0.163582,0.024663,0.112056,0.112056,0.950178,0.96694,0.982452,0.966523,19.25
custom_0348,val_tune,8,zscore,0.5,0.75,1.0,0.75,0.163582,0.024663,0.112056,0.112056,0.950178,0.96694,0.982452,0.966523,19.25
custom_0349,val_tune,8,zscore,0.5,0.75,1.0,1.0,0.163582,0.024663,0.112056,0.112056,0.950178,0.96694,0.982452,0.966523,19.25
custom_0370,val_tune,8,zscore,0.5,1.0,1.0,0.0,0.163582,0.024663,0.112056,0.112056,0.950178,0.96694,0.982452,0.966523,19.25
custom_0371,val_tune,8,zscore,0.5,1.0,1.0,0.25,0.163582,0.024663,0.112056,0.112056,0.950178,0.96694,0.982452,0.966523,19.25
custom_0372,val_tune,8,zscore,0.5,1.0,1.0,0.5,0.163582,0.024663,0.112056,0.112056,0.950178,0.96694,0.982452,0.966523,19.25
custom_0373,val_tune,8,zscore,0.5,1.0,1.0,0.75,0.163582,0.024663,0.112056,0.112056,0.950178,0.96694,0.982452,0.966523,19.25
custom_0374,val_tune,8,zscore,0.5,1.0,1.0,1.0,0.163582,0.024663,0.112056,0.112056,0.950178,0.96694,0.982452,0.966523,19.25
custom_0033,val_tune,8,zscore,0.0,0.25,0.25,0.75,0.164055,0.024663,0.112293,0.112293,0.956909,0.95277,0.984375,0.964685,19.125
custom_0034,val_tune,8,zscore,0.0,0.25,0.25,1.0,0.164055,0.024663,0.112293,0.112293,0.956909,0.95277,0.984375,0.964685,19.125
custom_0058,val_tune,8,zscore,0.0,0.5,0.25,0.75,0.164055,0.024663,0.112293,0.112293,0.956909,0.95277,0.984375,0.964685,19.125
custom_0059,val_tune,8,zscore,0.0,0.5,0.25,1.0,0.164055,0.024663,0.112293,0.112293,0.956909,0.95277,0.984375,0.964685,19.125
custom_0205,val_tune,8,zscore,0.25,0.75,0.25,0.0,0.163577,0.024801,0.108211,0.108211,0.971785,0.940342,0.974639,0.962256,20.5
custom_0355,val_tune,16,zscore,0.5,1.0,0.25,0.0,0.163577,0.024801,0.108211,0.108211,0.971785,0.940342,0.974639,0.962256,20.5
summac_only,val_tune,8,zscore,0.0,1.0,0.0,0.0,0.16405,0.024801,0.108448,0.108448,0.978516,0.926172,0.976562,0.960417,20.375
custom_0025,val_tune,8,zscore,0.0,0.25,0.0,0.0,0.16405,0.024801,0.108448,0.108448,0.978516,0.926172,0.976562,0.960417,20.375
custom_0026,val_tune,8,zscore,0.0,0.25,0.0,0.25,0.16405,0.024801,0.108448,0.108448,0.978516,0.926172,0.976562,0.960417,20.375
custom_0050,val_tune,8,zscore,0.0,0.5,0.0,0.0,0.16405,0.024801,0.108448,0.108448,0.978516,0.926172,0.976562,0.960417,20.375
custom_0051,val_tune,8,zscore,0.0,0.5,0.0,0.25,0.16405,0.024801,0.108448,0.108448,0.978516,0.926172,0.976562,0.960417,20.375
custom_0052,val_tune,8,zscore,0.0,0.5,0.0,0.5,0.16405,0.024801,0.108448,0.108448,0.978516,0.926172,0.976562,0.960417,20.375
custom_0075,val_tune,8,zscore,0.0,0.75,0.0,0.0,0.16405,0.024801,0.108448,0.108448,0.978516,0.926172,0.976562,0.960417,20.375
custom_0076,val_tune,8,zscore,0.0,0.75,0.0,0.25,0.16405,0.024801,0.108448,0.108448,0.978516,0.926172,0.976562,0.960417,20.375
custom_0077,val_tune,8,zscore,0.0,0.75,0.0,0.5,0.16405,0.024801,0.108448,0.108448,0.978516,0.926172,0.976562,0.960417,20.375
custom_0078,val_tune,8,zscore,0.0,0.75,0.0,0.75,0.16405,0.024801,0.108448,0.108448,0.978516,0.926172,0.976562,0.960417,20.375
custom_0079,val_tune,8,zscore,0.0,0.75,0.0,1.0,0.16405,0.024801,0.108448,0.108448,0.978516,0.926172,0.976562,0.960417,20.375
custom_0100,val_tune,8,zscore,0.0,1.0,0.0,0.0,0.16405,0.024801,0.108448,0.108448,0.978516,0.926172,0.976562,0.960417,20.375
custom_0101,val_tune,8,zscore,0.0,1.0,0.0,0.25,0.16405,0.024801,0.108448,0.108448,0.978516,0.926172,0.976562,0.960417,20.375
custom_0102,val_tune,8,zscore,0.0,1.0,0.0,0.5,0.16405,0.024801,0.108448,0.108448,0.978516,0.926172,0.976562,0.960417,20.375
custom_0103,val_tune,8,zscore,0.0,1.0,0.0,0.75,0.16405,0.024801,0.108448,0.108448,0.978516,0.926172,0.976562,0.960417,20.375
custom_0104,val_tune,8,zscore,0.0,1.0,0.0,1.0,0.16405,0.024801,0.108448,0.108448,0.978516,0.926172,0.976562,0.960417,20.375
custom_0230,val_tune,8,zscore,0.25,1.0,0.25,0.0,0.16405,0.024801,0.108448,0.108448,0.978516,0.926172,0.976562,0.960417,20.375
custom_0231,val_tune,8,zscore,0.25,1.0,0.25,0.25,0.16405,0.024801,0.108448,0.108448,0.978516,0.926172,0.976562,0.960417,20.375
custom_0232,val_tune,8,zscore,0.25,1.0,0.25,0.5,0.16405,0.024801,0.108448,0.108448,0.978516,0.926172,0.976562,0.960417,20.375
custom_0356,val_tune,16,zscore,0.5,1.0,0.25,0.25,0.16405,0.024801,0.108448,0.108448,0.978516,0.926172,0.976562,0.960417,20.375
custom_0157,val_tune,8,zscore,0.25,0.25,0.25,0.5,0.163961,0.024801,0.112435,0.112435,0.953202,0.94194,0.982452,0.959198,19.125
custom_0158,val_tune,8,zscore,0.25,0.25,0.25,0.75,0.163961,0.024801,0.112435,0.112435,0.953202,0.94194,0.982452,0.959198,19.125
custom_0159,val_tune,8,zscore,0.25,0.25,0.25,1.0,0.163961,0.024801,0.112435,0.112435,0.953202,0.94194,0.982452,0.959198,19.125
custom_0180,val_tune,8,zscore,0.25,0.5,0.25,0.0,0.163961,0.024801,0.112435,0.112435,0.953202,0.94194,0.982452,0.959198,19.125
custom_0181,val_tune,8,zscore,0.25,0.5,0.25,0.25,0.163961,0.024801,0.112435,0.112435,0.953202,0.94194,0.982452,0.959198,19.125
custom_0182,val_tune,8,zscore,0.25,0.5,0.25,0.5,0.163961,0.024801,0.112435,0.112435,0.953202,0.94194,0.982452,0.959198,19.125
custom_0183,val_tune,8,zscore,0.25,0.5,0.25,0.75,0.163961,0.024801,0.112435,0.112435,0.953202,0.94194,0.982452,0.959198,19.125
custom_0206,val_tune,8,zscore,0.25,0.75,0.25,0.25,0.163961,0.024801,0.112435,0.112435,0.953202,0.94194,0.982452,0.959198,19.125
custom_0313,val_tune,8,zscore,0.5,0.5,0.5,0.75,0.163961,0.024801,0.112435,0.112435,0.953202,0.94194,0.982452,0.959198,19.125
custom_0314,val_tune,8,zscore,0.5,0.5,0.5,1.0,0.163961,0.024801,0.112435,0.112435,0.953202,0.94194,0.982452,0.959198,19.125
custom_0316,val_tune,8,zscore,0.5,0.5,0.75,0.25,0.163961,0.024801,0.112435,0.112435,0.953202,0.94194,0.982452,0.959198,19.125
custom_0317,val_tune,8,zscore,0.5,0.5,0.75,0.5,0.163961,0.024801,0.112435,0.112435,0.953202,0.94194,0.982452,0.959198,19.125
custom_0318,val_tune,8,zscore,0.5,0.5,0.75,0.75,0.163961,0.024801,0.112435,0.112435,0.953202,0.94194,0.982452,0.959198,19.125
custom_0319,val_tune,8,zscore,0.5,0.5,0.75,1.0,0.163961,0.024801,0.112435,0.112435,0.953202,0.94194,0.982452,0.959198,19.125
custom_0331,val_tune,8,zscore,0.5,0.75,0.25,0.25,0.163961,0.024801,0.112435,0.112435,0.953202,0.94194,0.982452,0.959198,19.125
custom_0332,val_tune,8,zscore,0.5,0.75,0.25,0.5,0.163961,0.024801,0.112435,0.112435,0.953202,0.94194,0.982452,0.959198,19.125
custom_0333,val_tune,8,zscore,0.5,0.75,0.25,0.75,0.163961,0.024801,0.112435,0.112435,0.953202,0.94194,0.982452,0.959198,19.125
custom_0334,val_tune,8,zscore,0.5,0.75,0.25,1.0,0.163961,0.024801,0.112435,0.112435,0.953202,0.94194,0.982452,0.959198,19.125
custom_0335,val_tune,8,zscore,0.5,0.75,0.5,0.0,0.163961,0.024801,0.112435,0.112435,0.953202,0.94194,0.982452,0.959198,19.125
custom_0336,val_tune,8,zscore,0.5,0.75,0.5,0.25,0.163961,0.024801,0.112435,0.112435,0.953202,0.94194,0.982452,0.959198,19.125
custom_0337,val_tune,8,zscore,0.5,0.75,0.5,0.5,0.163961,0.024801,0.112435,0.112435,0.953202,0.94194,0.982452,0.959198,19.125
custom_0338,val_tune,8,zscore,0.5,0.75,0.5,0.75,0.163961,0.024801,0.112435,0.112435,0.953202,0.94194,0.982452,0.959198,19.125
custom_0339,val_tune,8,zscore,0.5,0.75,0.5,1.0,0.163961,0.024801,0.112435,0.112435,0.953202,0.94194,0.982452,0.959198,19.125
custom_0340,val_tune,8,zscore,0.5,0.75,0.75,0.0,0.163961,0.024801,0.112435,0.112435,0.953202,0.94194,0.982452,0.959198,19.125
custom_0341,val_tune,8,zscore,0.5,0.75,0.75,0.25,0.163961,0.024801,0.112435,0.112435,0.953202,0.94194,0.982452,0.959198,19.125
custom_0342,val_tune,8,zscore,0.5,0.75,0.75,0.5,0.163961,0.024801,0.112435,0.112435,0.953202,0.94194,0.982452,0.959198,19.125
custom_0343,val_tune,8,zscore,0.5,0.75,0.75,0.75,0.163961,0.024801,0.112435,0.112435,0.953202,0.94194,0.982452,0.959198,19.125
custom_0344,val_tune,8,zscore,0.5,0.75,0.75,1.0,0.163961,0.024801,0.112435,0.112435,0.953202,0.94194,0.982452,0.959198,19.125
custom_0355,val_tune,8,zscore,0.5,1.0,0.25,0.0,0.163961,0.024801,0.112435,0.112435,0.953202,0.94194,0.982452,0.959198,19.125
custom_0356,val_tune,8,zscore,0.5,1.0,0.25,0.25,0.163961,0.024801,0.112435,0.112435,0.953202,0.94194,0.982452,0.959198,19.125
custom_0357,val_tune,8,zscore,0.5,1.0,0.25,0.5,0.163961,0.024801,0.112435,0.112435,0.953202,0.94194,0.982452,0.959198,19.125
custom_0360,val_tune,8,zscore,0.5,1.0,0.5,0.0,0.163961,0.024801,0.112435,0.112435,0.953202,0.94194,0.982452,0.959198,19.125
custom_0361,val_tune,8,zscore,0.5,1.0,0.5,0.25,0.163961,0.024801,0.112435,0.112435,0.953202,0.94194,0.982452,0.959198,19.125
custom_0362,val_tune,8,zscore,0.5,1.0,0.5,0.5,0.163961,0.024801,0.112435,0.112435,0.953202,0.94194,0.982452,0.959198,19.125
custom_0363,val_tune,8,zscore,0.5,1.0,0.5,0.75,0.163961,0.024801,0.112435,0.112435,0.953202,0.94194,0.982452,0.959198,19.125
custom_0364,val_tune,8,zscore,0.5,1.0,0.5,1.0,0.163961,0.024801,0.112435,0.112435,0.953202,0.94194,0.982452,0.959198,19.125
custom_0365,val_tune,8,zscore,0.5,1.0,0.75,0.0,0.163961,0.024801,0.112435,0.112435,0.953202,0.94194,0.982452,0.959198,19.125
custom_0366,val_tune,8,zscore,0.5,1.0,0.75,0.25,0.163961,0.024801,0.112435,0.112435,0.953202,0.94194,0.982452,0.959198,19.125
custom_0367,val_tune,8,zscore,0.5,1.0,0.75,0.5,0.163961,0.024801,0.112435,0.112435,0.953202,0.94194,0.982452,0.959198,19.125
custom_0368,val_tune,8,zscore,0.5,1.0,0.75,0.75,0.163961,0.024801,0.112435,0.112435,0.953202,0.94194,0.982452,0.959198,19.125
custom_0369,val_tune,8,zscore,0.5,1.0,0.75,1.0,0.163961,0.024801,0.112435,0.112435,0.953202,0.94194,0.982452,0.959198,19.125
custom_0471,val_tune,8,zscore,0.75,0.75,1.0,0.25,0.163961,0.024801,0.112435,0.112435,0.953202,0.94194,0.982452,0.959198,19.125
custom_0472,val_tune,8,zscore,0.75,0.75,1.0,0.5,0.163961,0.024801,0.112435,0.112435,0.953202,0.94194,0.982452,0.959198,19.125
custom_0473,val_tune,8,zscore,0.75,0.75,1.0,0.75,0.163961,0.024801,0.112435,0.112435,0.953202,0.94194,0.982452,0.959198,19.125
custom_0474,val_tune,8,zscore,0.75,0.75,1.0,1.0,0.163961,0.024801,0.112435,0.112435,0.953202,0.94194,0.982452,0.959198,19.125
custom_0486,val_tune,8,zscore,0.75,1.0,0.5,0.25,0.163961,0.024801,0.112435,0.112435,0.953202,0.94194,0.982452,0.959198,19.125
custom_0487,val_tune,8,zscore,0.75,1.0,0.5,0.5,0.163961,0.024801,0.112435,0.112435,0.953202,0.94194,0.982452,0.959198,19.125
custom_0488,val_tune,8,zscore,0.75,1.0,0.5,0.75,0.163961,0.024801,0.112435,0.112435,0.953202,0.94194,0.982452,0.959198,19.125
custom_0489,val_tune,8,zscore,0.75,1.0,0.5,1.0,0.163961,0.024801,0.112435,0.112435,0.953202,0.94194,0.982452,0.959198,19.125
custom_0490,val_tune,8,zscore,0.75,1.0,0.75,0.0,0.163961,0.024801,0.112435,0.112435,0.953202,0.94194,0.982452,0.959198,19.125
custom_0491,val_tune,8,zscore,0.75,1.0,0.75,0.25,0.163961,0.024801,0.112435,0.112435,0.953202,0.94194,0.982452,0.959198,19.125
custom_0492,val_tune,8,zscore,0.75,1.0,0.75,0.5,0.163961,0.024801,0.112435,0.112435,0.953202,0.94194,0.982452,0.959198,19.125
custom_0493,val_tune,8,zscore,0.75,1.0,0.75,0.75,0.163961,0.024801,0.112435,0.112435,0.953202,0.94194,0.982452,0.959198,19.125
custom_0494,val_tune,8,zscore,0.75,1.0,0.75,1.0,0.163961,0.024801,0.112435,0.112435,0.953202,0.94194,0.982452,0.959198,19.125
custom_0495,val_tune,8,zscore,0.75,1.0,1.0,0.0,0.163961,0.024801,0.112435,0.112435,0.953202,0.94194,0.982452,0.959198,19.125
custom_0496,val_tune,8,zscore,0.75,1.0,1.0,0.25,0.163961,0.024801,0.112435,0.112435,0.953202,0.94194,0.982452,0.959198,19.125
custom_0497,val_tune,8,zscore,0.75,1.0,1.0,0.5,0.163961,0.024801,0.112435,0.112435,0.953202,0.94194,0.982452,0.959198,19.125
custom_0498,val_tune,8,zscore,0.75,1.0,1.0,0.75,0.163961,0.024801,0.112435,0.112435,0.953202,0.94194,0.982452,0.959198,19.125
custom_0499,val_tune,8,zscore,0.75,1.0,1.0,1.0,0.163961,0.024801,0.112435,0.112435,0.953202,0.94194,0.982452,0.959198,19.125
custom_0305,val_tune,16,zscore,0.5,0.5,0.25,0.0,0.163961,0.024801,0.112435,0.112435,0.953202,0.94194,0.982452,0.959198,19.125
custom_0306,val_tune,16,zscore,0.5,0.5,0.25,0.25,0.163961,0.024801,0.112435,0.112435,0.953202,0.94194,0.982452,0.959198,19.125
custom_0307,val_tune,16,zscore,0.5,0.5,0.25,0.5,0.163961,0.024801,0.112435,0.112435,0.953202,0.94194,0.982452,0.959198,19.125
custom_0308,val_tune,16,zscore,0.5,0.5,0.25,0.75,0.163961,0.024801,0.112435,0.112435,0.953202,0.94194,0.982452,0.959198,19.125
custom_0330,val_tune,16,zscore,0.5,0.75,0.25,0.0,0.163961,0.024801,0.112435,0.112435,0.953202,0.94194,0.982452,0.959198,19.125
custom_0331,val_tune,16,zscore,0.5,0.75,0.25,0.25,0.163961,0.024801,0.112435,0.112435,0.953202,0.94194,0.982452,0.959198,19.125
custom_0332,val_tune,16,zscore,0.5,0.75,0.25,0.5,0.163961,0.024801,0.112435,0.112435,0.953202,0.94194,0.982452,0.959198,19.125
custom_0439,val_tune,16,zscore,0.75,0.5,0.5,1.0,0.163961,0.024801,0.112435,0.112435,0.953202,0.94194,0.982452,0.959198,19.125
custom_0456,val_tune,16,zscore,0.75,0.75,0.25,0.25,0.163961,0.024801,0.112435,0.112435,0.953202,0.94194,0.982452,0.959198,19.125
custom_0457,val_tune,16,zscore,0.75,0.75,0.25,0.5,0.163961,0.024801,0.112435,0.112435,0.953202,0.94194,0.982452,0.959198,19.125
custom_0458,val_tune,16,zscore,0.75,0.75,0.25,0.75,0.163961,0.024801,0.112435,0.112435,0.953202,0.94194,0.982452,0.959198,19.125
custom_0459,val_tune,16,zscore,0.75,0.75,0.25,1.0,0.163961,0.024801,0.112435,0.112435,0.953202,0.94194,0.982452,0.959198,19.125
custom_0460,val_tune,16,zscore,0.75,0.75,0.5,0.0,0.163961,0.024801,0.112435,0.112435,0.953202,0.94194,0.982452,0.959198,19.125
custom_0461,val_tune,16,zscore,0.75,0.75,0.5,0.25,0.163961,0.024801,0.112435,0.112435,0.953202,0.94194,0.982452,0.959198,19.125
custom_0462,val_tune,16,zscore,0.75,0.75,0.5,0.5,0.163961,0.024801,0.112435,0.112435,0.953202,0.94194,0.982452,0.959198,19.125
custom_0463,val_tune,16,zscore,0.75,0.75,0.5,0.75,0.163961,0.024801,0.112435,0.112435,0.953202,0.94194,0.982452,0.959198,19.125
custom_0464,val_tune,16,zscore,0.75,0.75,0.5,1.0,0.163961,0.024801,0.112435,0.112435,0.953202,0.94194,0.982452,0.959198,19.125
custom_0480,val_tune,16,zscore,0.75,1.0,0.25,0.0,0.163961,0.024801,0.112435,0.112435,0.953202,0.94194,0.982452,0.959198,19.125
custom_0481,val_tune,16,zscore,0.75,1.0,0.25,0.25,0.163961,0.024801,0.112435,0.112435,0.953202,0.94194,0.982452,0.959198,19.125
custom_0482,val_tune,16,zscore,0.75,1.0,0.25,0.5,0.163961,0.024801,0.112435,0.112435,0.953202,0.94194,0.982452,0.959198,19.125
custom_0483,val_tune,16,zscore,0.75,1.0,0.25,0.75,0.163961,0.024801,0.112435,0.112435,0.953202,0.94194,0.982452,0.959198,19.125
custom_0485,val_tune,16,zscore,0.75,1.0,0.5,0.0,0.163961,0.024801,0.112435,0.112435,0.953202,0.94194,0.982452,0.959198,19.125
custom_0486,val_tune,16,zscore,0.75,1.0,0.5,0.25,0.163961,0.024801,0.112435,0.112435,0.953202,0.94194,0.982452,0.959198,19.125
custom_0487,val_tune,16,zscore,0.75,1.0,0.5,0.5,0.163961,0.024801,0.112435,0.112435,0.953202,0.94194,0.982452,0.959198,19.125
custom_0488,val_tune,16,zscore,0.75,1.0,0.5,0.75,0.163961,0.024801,0.112435,0.112435,0.953202,0.94194,0.982452,0.959198,19.125
custom_0489,val_tune,16,zscore,0.75,1.0,0.5,1.0,0.163961,0.024801,0.112435,0.112435,0.953202,0.94194,0.982452,0.959198,19.125
custom_0589,val_tune,16,zscore,1.0,0.75,0.5,1.0,0.163961,0.024801,0.112435,0.112435,0.953202,0.94194,0.982452,0.959198,19.125
custom_0591,val_tune,16,zscore,1.0,0.75,0.75,0.25,0.163961,0.024801,0.112435,0.112435,0.953202,0.94194,0.982452,0.959198,19.125
custom_0592,val_tune,16,zscore,1.0,0.75,0.75,0.5,0.163961,0.024801,0.112435,0.112435,0.953202,0.94194,0.982452,0.959198,19.125
custom_0593,val_tune,16,zscore,1.0,0.75,0.75,0.75,0.163961,0.024801,0.112435,0.112435,0.953202,0.94194,0.982452,0.959198,19.125
custom_0594,val_tune,16,zscore,1.0,0.75,0.75,1.0,0.163961,0.024801,0.112435,0.112435,0.953202,0.94194,0.982452,0.959198,19.125
custom_0609,val_tune,16,zscore,1.0,1.0,0.25,1.0,0.163961,0.024801,0.112435,0.112435,0.953202,0.94194,0.982452,0.959198,19.125
custom_0610,val_tune,16,zscore,1.0,1.0,0.5,0.0,0.163961,0.024801,0.112435,0.112435,0.953202,0.94194,0.982452,0.959198,19.125
custom_0611,val_tune,16,zscore,1.0,1.0,0.5,0.25,0.163961,0.024801,0.112435,0.112435,0.953202,0.94194,0.982452,0.959198,19.125
custom_0612,val_tune,16,zscore,1.0,1.0,0.5,0.5,0.163961,0.024801,0.112435,0.112435,0.953202,0.94194,0.982452,0.959198,19.125
custom_0613,val_tune,16,zscore,1.0,1.0,0.5,0.75,0.163961,0.024801,0.112435,0.112435,0.953202,0.94194,0.982452,0.959198,19.125
custom_0614,val_tune,16,zscore,1.0,1.0,0.5,1.0,0.163961,0.024801,0.112435,0.112435,0.953202,0.94194,0.982452,0.959198,19.125
custom_0615,val_tune,16,zscore,1.0,1.0,0.75,0.0,0.163961,0.024801,0.112435,0.112435,0.953202,0.94194,0.982452,0.959198,19.125
custom_0616,val_tune,16,zscore,1.0,1.0,0.75,0.25,0.163961,0.024801,0.112435,0.112435,0.953202,0.94194,0.982452,0.959198,19.125
custom_0617,val_tune,16,zscore,1.0,1.0,0.75,0.5,0.163961,0.024801,0.112435,0.112435,0.953202,0.94194,0.982452,0.959198,19.125
custom_0618,val_tune,16,zscore,1.0,1.0,0.75,0.75,0.163961,0.024801,0.112435,0.112435,0.953202,0.94194,0.982452,0.959198,19.125
custom_0619,val_tune,16,zscore,1.0,1.0,0.75,1.0,0.163961,0.024801,0.112435,0.112435,0.953202,0.94194,0.982452,0.959198,19.125
custom_0133,val_tune,16,zscore,0.25,0.0,0.25,0.75,0.162619,0.013167,0.105332,0.105332,0.928773,0.9512,0.995313,0.958429,20.0
custom_0001,val_tune,8,zscore,0.0,0.0,0.0,0.25,0.164434,0.024801,0.112672,0.112672,0.959933,0.92777,0.984375,0.957359,19.0
custom_0002,val_tune,8,zscore,0.0,0.0,0.0,0.5,0.164434,0.024801,0.112672,0.112672,0.959933,0.92777,0.984375,0.957359,19.0
custom_0003,val_tune,8,zscore,0.0,0.0,0.0,0.75,0.164434,0.024801,0.112672,0.112672,0.959933,0.92777,0.984375,0.957359,19.0
custom_0004,val_tune,8,zscore,0.0,0.0,0.0,1.0,0.164434,0.024801,0.112672,0.112672,0.959933,0.92777,0.984375,0.957359,19.0
custom_0027,val_tune,8,zscore,0.0,0.25,0.0,0.5,0.164434,0.024801,0.112672,0.112672,0.959933,0.92777,0.984375,0.957359,19.0
custom_0028,val_tune,8,zscore,0.0,0.25,0.0,0.75,0.164434,0.024801,0.112672,0.112672,0.959933,0.92777,0.984375,0.957359,19.0
custom_0029,val_tune,8,zscore,0.0,0.25,0.0,1.0,0.164434,0.024801,0.112672,0.112672,0.959933,0.92777,0.984375,0.957359,19.0
custom_0053,val_tune,8,zscore,0.0,0.5,0.0,0.75,0.164434,0.024801,0.112672,0.112672,0.959933,0.92777,0.984375,0.957359,19.0
custom_0054,val_tune,8,zscore,0.0,0.5,0.0,1.0,0.164434,0.024801,0.112672,0.112672,0.959933,0.92777,0.984375,0.957359,19.0
custom_0184,val_tune,8,zscore,0.25,0.5,0.25,1.0,0.164434,0.024801,0.112672,0.112672,0.959933,0.92777,0.984375,0.957359,19.0
custom_0207,val_tune,8,zscore,0.25,0.75,0.25,0.5,0.164434,0.024801,0.112672,0.112672,0.959933,0.92777,0.984375,0.957359,19.0
custom_0208,val_tune,8,zscore,0.25,0.75,0.25,0.75,0.164434,0.024801,0.112672,0.112672,0.959933,0.92777,0.984375,0.957359,19.0
custom_0209,val_tune,8,zscore,0.25,0.75,0.25,1.0,0.164434,0.024801,0.112672,0.112672,0.959933,0.92777,0.984375,0.957359,19.0
custom_0233,val_tune,8,zscore,0.25,1.0,0.25,0.75,0.164434,0.024801,0.112672,0.112672,0.959933,0.92777,0.984375,0.957359,19.0
custom_0234,val_tune,8,zscore,0.25,1.0,0.25,1.0,0.164434,0.024801,0.112672,0.112672,0.959933,0.92777,0.984375,0.957359,19.0
custom_0358,val_tune,8,zscore,0.5,1.0,0.25,0.75,0.164434,0.024801,0.112672,0.112672,0.959933,0.92777,0.984375,0.957359,19.0
custom_0359,val_tune,8,zscore,0.5,1.0,0.25,1.0,0.164434,0.024801,0.112672,0.112672,0.959933,0.92777,0.984375,0.957359,19.0
custom_0357,val_tune,16,zscore,0.5,1.0,0.25,0.5,0.164434,0.024801,0.112672,0.112672,0.959933,0.92777,0.984375,0.957359,19.0
custom_0484,val_tune,16,zscore,0.75,1.0,0.25,1.0,0.164434,0.024801,0.112672,0.112672,0.959933,0.92777,0.984375,0.957359,19.0
custom_0268,val_tune,16,zscore,0.5,0.0,0.75,0.75,0.164613,0.013167,0.111136,0.111136,0.931177,0.959007,0.980889,0.957025,17.75
custom_0271,val_tune,16,zscore,0.5,0.0,1.0,0.25,0.164613,0.013167,0.111136,0.111136,0.931177,0.959007,0.980889,0.957025,17.75
custom_0286,val_tune,16,zscore,0.5,0.25,0.5,0.25,0.164613,0.013167,0.111136,0.111136,0.931177,0.959007,0.980889,0.957025,17.75
custom_0287,val_tune,16,zscore,0.5,0.25,0.5,0.5,0.164613,0.013167,0.111136,0.111136,0.931177,0.959007,0.980889,0.957025,17.75
custom_0418,val_tune,16,zscore,0.75,0.25,0.75,0.75,0.164613,0.013167,0.111136,0.111136,0.931177,0.959007,0.980889,0.957025,17.75
custom_0419,val_tune,16,zscore,0.75,0.25,0.75,1.0,0.164613,0.013167,0.111136,0.111136,0.931177,0.959007,0.980889,0.957025,17.75
custom_0422,val_tune,16,zscore,0.75,0.25,1.0,0.5,0.164613,0.013167,0.111136,0.111136,0.931177,0.959007,0.980889,0.957025,17.75
custom_0423,val_tune,16,zscore,0.75,0.25,1.0,0.75,0.164613,0.013167,0.111136,0.111136,0.931177,0.959007,0.980889,0.957025,17.75
custom_0424,val_tune,16,zscore,0.75,0.25,1.0,1.0,0.164613,0.013167,0.111136,0.111136,0.931177,0.959007,0.980889,0.957025,17.75
custom_0572,val_tune,16,zscore,1.0,0.5,1.0,0.5,0.164613,0.013167,0.111136,0.111136,0.931177,0.959007,0.980889,0.957025,17.75
custom_0573,val_tune,16,zscore,1.0,0.5,1.0,0.75,0.164613,0.013167,0.111136,0.111136,0.931177,0.959007,0.980889,0.957025,17.75
custom_0574,val_tune,16,zscore,1.0,0.5,1.0,1.0,0.164613,0.013167,0.111136,0.111136,0.931177,0.959007,0.980889,0.957025,17.75
custom_0153,val_tune,16,zscore,0.25,0.25,0.0,0.75,0.167625,0.024801,0.118867,0.118867,0.966677,0.906873,0.996396,0.956649,21.75
custom_0154,val_tune,16,zscore,0.25,0.25,0.0,1.0,0.167625,0.024801,0.118867,0.118867,0.966677,0.906873,0.996396,0.956649,21.75
custom_0178,val_tune,16,zscore,0.25,0.5,0.0,0.75,0.167625,0.024801,0.118867,0.118867,0.966677,0.906873,0.996396,0.956649,21.75
custom_0137,val_tune,8,zscore,0.25,0.0,0.5,0.5,0.162049,0.018981,0.108572,0.108572,0.928153,0.959007,0.980889,0.956016,18.375
custom_0138,val_tune,8,zscore,0.25,0.0,0.5,0.75,0.162049,0.018981,0.108572,0.108572,0.928153,0.959007,0.980889,0.956016,18.375
custom_0139,val_tune,8,zscore,0.25,0.0,0.5,1.0,0.162049,0.018981,0.108572,0.108572,0.928153,0.959007,0.980889,0.956016,18.375
custom_0141,val_tune,8,zscore,0.25,0.0,0.75,0.25,0.162049,0.018981,0.108572,0.108572,0.928153,0.959007,0.980889,0.956016,18.375
custom_0142,val_tune,8,zscore,0.25,0.0,0.75,0.5,0.162049,0.018981,0.108572,0.108572,0.928153,0.959007,0.980889,0.956016,18.375
custom_0143,val_tune,8,zscore,0.25,0.0,0.75,0.75,0.162049,0.018981,0.108572,0.108572,0.928153,0.959007,0.980889,0.956016,18.375
custom_0274,val_tune,8,zscore,0.5,0.0,1.0,1.0,0.162049,0.018981,0.108572,0.108572,0.928153,0.959007,0.980889,0.956016,18.375
custom_0297,val_tune,8,zscore,0.5,0.25,1.0,0.5,0.162049,0.018981,0.108572,0.108572,0.928153,0.959007,0.980889,0.956016,18.375
custom_0298,val_tune,8,zscore,0.5,0.25,1.0,0.75,0.162049,0.018981,0.108572,0.108572,0.928153,0.959007,0.980889,0.956016,18.375
custom_0299,val_tune,8,zscore,0.5,0.25,1.0,1.0,0.162049,0.018981,0.108572,0.108572,0.928153,0.959007,0.980889,0.956016,18.375
custom_0440,val_tune,16,zscore,0.75,0.5,0.75,0.0,0.162994,0.018849,0.111469,0.111469,0.932948,0.957175,0.977764,0.955963,17.625
custom_0225,val_tune,16,zscore,0.25,1.0,0.0,0.0,0.16405,0.024801,0.108448,0.108448,0.975851,0.896745,0.975521,0.949372,20.5
logprob_plus_summac_plus_factcc_plus_entity_support,val_tune,8,zscore,0.25,0.25,0.25,0.25,0.162428,0.019119,0.108951,0.108951,0.931177,0.934007,0.980889,0.948691,18.25
custom_0156,val_tune,8,zscore,0.25,0.25,0.25,0.25,0.162428,0.019119,0.108951,0.108951,0.931177,0.934007,0.980889,0.948691,18.25
custom_0308,val_tune,8,zscore,0.5,0.5,0.25,0.75,0.162428,0.019119,0.108951,0.108951,0.931177,0.934007,0.980889,0.948691,18.25
custom_0309,val_tune,8,zscore,0.5,0.5,0.25,1.0,0.162428,0.019119,0.108951,0.108951,0.931177,0.934007,0.980889,0.948691,18.25
custom_0312,val_tune,8,zscore,0.5,0.5,0.5,0.5,0.162428,0.019119,0.108951,0.108951,0.931177,0.934007,0.980889,0.948691,18.25
custom_0449,val_tune,8,zscore,0.75,0.5,1.0,1.0,0.162428,0.019119,0.108951,0.108951,0.931177,0.934007,0.980889,0.948691,18.25
custom_0464,val_tune,8,zscore,0.75,0.75,0.5,1.0,0.162428,0.019119,0.108951,0.108951,0.931177,0.934007,0.980889,0.948691,18.25
custom_0468,val_tune,8,zscore,0.75,0.75,0.75,0.75,0.162428,0.019119,0.108951,0.108951,0.931177,0.934007,0.980889,0.948691,18.25
custom_0469,val_tune,8,zscore,0.75,0.75,0.75,1.0,0.162428,0.019119,0.108951,0.108951,0.931177,0.934007,0.980889,0.948691,18.25
custom_0623,val_tune,8,zscore,1.0,1.0,1.0,0.75,0.162428,0.019119,0.108951,0.108951,0.931177,0.934007,0.980889,0.948691,18.25
custom_0624,val_tune,8,zscore,1.0,1.0,1.0,1.0,0.162428,0.019119,0.108951,0.108951,0.931177,0.934007,0.980889,0.948691,18.25
custom_0284,val_tune,16,zscore,0.5,0.25,0.25,1.0,0.162428,0.019119,0.108951,0.108951,0.931177,0.934007,0.980889,0.948691,18.25
custom_0434,val_tune,16,zscore,0.75,0.5,0.25,1.0,0.162428,0.019119,0.108951,0.108951,0.931177,0.934007,0.980889,0.948691,18.25
custom_0437,val_tune,16,zscore,0.75,0.5,0.5,0.5,0.162428,0.019119,0.108951,0.108951,0.931177,0.934007,0.980889,0.948691,18.25
custom_0438,val_tune,16,zscore,0.75,0.5,0.5,0.75,0.162428,0.019119,0.108951,0.108951,0.931177,0.934007,0.980889,0.948691,18.25
custom_0569,val_tune,16,zscore,1.0,0.5,0.75,1.0,0.162428,0.019119,0.108951,0.108951,0.931177,0.934007,0.980889,0.948691,18.25
custom_0588,val_tune,16,zscore,1.0,0.75,0.5,0.75,0.162428,0.019119,0.108951,0.108951,0.931177,0.934007,0.980889,0.948691,18.25
custom_0607,val_tune,16,zscore,1.0,1.0,0.25,0.5,0.163961,0.024801,0.112435,0.112435,0.950538,0.912513,0.98141,0.948154,19.25
custom_0608,val_tune,16,zscore,1.0,1.0,0.25,0.75,0.163961,0.024801,0.112435,0.112435,0.950538,0.912513,0.98141,0.948154,19.25
custom_0315,val_tune,8,zscore,0.5,0.5,0.75,0.0,0.160809,0.024801,0.109284,0.109284,0.932948,0.932175,0.977764,0.947629,18.125
custom_0330,val_tune,8,zscore,0.5,0.75,0.25,0.0,0.160809,0.024801,0.109284,0.109284,0.932948,0.932175,0.977764,0.947629,18.125
custom_0485,val_tune,8,zscore,0.75,1.0,0.5,0.0,0.160809,0.024801,0.109284,0.109284,0.932948,0.932175,0.977764,0.947629,18.125
custom_0455,val_tune,16,zscore,0.75,0.75,0.25,0.0,0.160809,0.024801,0.109284,0.109284,0.932948,0.932175,0.977764,0.947629,18.125
custom_0590,val_tune,16,zscore,1.0,0.75,0.75,0.0,0.160809,0.024801,0.109284,0.109284,0.932948,0.932175,0.977764,0.947629,18.125
custom_0228,val_tune,8,zscore,0.25,1.0,0.0,0.75,0.164434,0.024801,0.112672,0.112672,0.957269,0.898343,0.983333,0.946315,19.125
custom_0229,val_tune,8,zscore,0.25,1.0,0.0,1.0,0.164434,0.024801,0.112672,0.112672,0.957269,0.898343,0.983333,0.946315,19.125
custom_0135,val_tune,16,zscore,0.25,0.0,0.5,0.0,0.161462,0.013167,0.107985,0.107985,0.910923,0.949242,0.976202,0.945456,16.75
custom_0265,val_tune,16,zscore,0.5,0.0,0.75,0.0,0.161462,0.013167,0.107985,0.107985,0.910923,0.949242,0.976202,0.945456,16.75
custom_0266,val_tune,16,zscore,0.5,0.0,0.75,0.25,0.161462,0.013167,0.107985,0.107985,0.910923,0.949242,0.976202,0.945456,16.75
custom_0267,val_tune,16,zscore,0.5,0.0,0.75,0.5,0.161462,0.013167,0.107985,0.107985,0.910923,0.949242,0.976202,0.945456,16.75
custom_0270,val_tune,16,zscore,0.5,0.0,1.0,0.0,0.161462,0.013167,0.107985,0.107985,0.910923,0.949242,0.976202,0.945456,16.75
custom_0285,val_tune,16,zscore,0.5,0.25,0.5,0.0,0.161462,0.013167,0.107985,0.107985,0.910923,0.949242,0.976202,0.945456,16.75
custom_0395,val_tune,16,zscore,0.75,0.0,1.0,0.0,0.161462,0.013167,0.107985,0.107985,0.910923,0.949242,0.976202,0.945456,16.75
custom_0396,val_tune,16,zscore,0.75,0.0,1.0,0.25,0.161462,0.013167,0.107985,0.107985,0.910923,0.949242,0.976202,0.945456,16.75
custom_0397,val_tune,16,zscore,0.75,0.0,1.0,0.5,0.161462,0.013167,0.107985,0.107985,0.910923,0.949242,0.976202,0.945456,16.75
custom_0398,val_tune,16,zscore,0.75,0.0,1.0,0.75,0.161462,0.013167,0.107985,0.107985,0.910923,0.949242,0.976202,0.945456,16.75
custom_0399,val_tune,16,zscore,0.75,0.0,1.0,1.0,0.161462,0.013167,0.107985,0.107985,0.910923,0.949242,0.976202,0.945456,16.75
custom_0415,val_tune,16,zscore,0.75,0.25,0.75,0.0,0.161462,0.013167,0.107985,0.107985,0.910923,0.949242,0.976202,0.945456,16.75
custom_0416,val_tune,16,zscore,0.75,0.25,0.75,0.25,0.161462,0.013167,0.107985,0.107985,0.910923,0.949242,0.976202,0.945456,16.75
custom_0417,val_tune,16,zscore,0.75,0.25,0.75,0.5,0.161462,0.013167,0.107985,0.107985,0.910923,0.949242,0.976202,0.945456,16.75
custom_0420,val_tune,16,zscore,0.75,0.25,1.0,0.0,0.161462,0.013167,0.107985,0.107985,0.910923,0.949242,0.976202,0.945456,16.75
custom_0421,val_tune,16,zscore,0.75,0.25,1.0,0.25,0.161462,0.013167,0.107985,0.107985,0.910923,0.949242,0.976202,0.945456,16.75
custom_0548,val_tune,16,zscore,1.0,0.25,1.0,0.75,0.161462,0.013167,0.107985,0.107985,0.910923,0.949242,0.976202,0.945456,16.75
custom_0549,val_tune,16,zscore,1.0,0.25,1.0,1.0,0.161462,0.013167,0.107985,0.107985,0.910923,0.949242,0.976202,0.945456,16.75
custom_0570,val_tune,16,zscore,1.0,0.5,1.0,0.0,0.161462,0.013167,0.107985,0.107985,0.910923,0.949242,0.976202,0.945456,16.75
custom_0571,val_tune,16,zscore,1.0,0.5,1.0,0.25,0.161462,0.013167,0.107985,0.107985,0.910923,0.949242,0.976202,0.945456,16.75
custom_0135,val_tune,8,zscore,0.25,0.0,0.5,0.0,0.158898,0.018981,0.105421,0.105421,0.907899,0.949242,0.976202,0.944447,17.375
custom_0136,val_tune,8,zscore,0.25,0.0,0.5,0.25,0.158898,0.018981,0.105421,0.105421,0.907899,0.949242,0.976202,0.944447,17.375
custom_0140,val_tune,8,zscore,0.25,0.0,0.75,0.0,0.158898,0.018981,0.105421,0.105421,0.907899,0.949242,0.976202,0.944447,17.375
custom_0270,val_tune,8,zscore,0.5,0.0,1.0,0.0,0.158898,0.018981,0.105421,0.105421,0.907899,0.949242,0.976202,0.944447,17.375
custom_0271,val_tune,8,zscore,0.5,0.0,1.0,0.25,0.158898,0.018981,0.105421,0.105421,0.907899,0.949242,0.976202,0.944447,17.375
custom_0272,val_tune,8,zscore,0.5,0.0,1.0,0.5,0.158898,0.018981,0.105421,0.105421,0.907899,0.949242,0.976202,0.944447,17.375
custom_0273,val_tune,8,zscore,0.5,0.0,1.0,0.75,0.158898,0.018981,0.105421,0.105421,0.907899,0.949242,0.976202,0.944447,17.375
custom_0295,val_tune,8,zscore,0.5,0.25,1.0,0.0,0.158898,0.018981,0.105421,0.105421,0.907899,0.949242,0.976202,0.944447,17.375
custom_0296,val_tune,8,zscore,0.5,0.25,1.0,0.25,0.158898,0.018981,0.105421,0.105421,0.907899,0.949242,0.976202,0.944447,17.375
factcc_only,val_tune,4,zscore,0.0,0.0,1.0,0.0,0.16319,0.019288,0.109409,0.109409,0.917393,0.925335,0.979327,0.940685,18.125
summac_plus_factcc,val_tune,4,zscore,0.0,0.5,0.5,0.0,0.16319,0.019288,0.109409,0.109409,0.917393,0.925335,0.979327,0.940685,18.125
custom_0005,val_tune,4,zscore,0.0,0.0,0.25,0.0,0.16319,0.019288,0.109409,0.109409,0.917393,0.925335,0.979327,0.940685,18.125
custom_0006,val_tune,4,zscore,0.0,0.0,0.25,0.25,0.16319,0.019288,0.109409,0.109409,0.917393,0.925335,0.979327,0.940685,18.125
custom_0007,val_tune,4,zscore,0.0,0.0,0.25,0.5,0.16319,0.019288,0.109409,0.109409,0.917393,0.925335,0.979327,0.940685,18.125
custom_0008,val_tune,4,zscore,0.0,0.0,0.25,0.75,0.16319,0.019288,0.109409,0.109409,0.917393,0.925335,0.979327,0.940685,18.125
custom_0009,val_tune,4,zscore,0.0,0.0,0.25,1.0,0.16319,0.019288,0.109409,0.109409,0.917393,0.925335,0.979327,0.940685,18.125
custom_0010,val_tune,4,zscore,0.0,0.0,0.5,0.0,0.16319,0.019288,0.109409,0.109409,0.917393,0.925335,0.979327,0.940685,18.125
custom_0011,val_tune,4,zscore,0.0,0.0,0.5,0.25,0.16319,0.019288,0.109409,0.109409,0.917393,0.925335,0.979327,0.940685,18.125
custom_0012,val_tune,4,zscore,0.0,0.0,0.5,0.5,0.16319,0.019288,0.109409,0.109409,0.917393,0.925335,0.979327,0.940685,18.125
custom_0013,val_tune,4,zscore,0.0,0.0,0.5,0.75,0.16319,0.019288,0.109409,0.109409,0.917393,0.925335,0.979327,0.940685,18.125
custom_0014,val_tune,4,zscore,0.0,0.0,0.5,1.0,0.16319,0.019288,0.109409,0.109409,0.917393,0.925335,0.979327,0.940685,18.125
custom_0015,val_tune,4,zscore,0.0,0.0,0.75,0.0,0.16319,0.019288,0.109409,0.109409,0.917393,0.925335,0.979327,0.940685,18.125
custom_0016,val_tune,4,zscore,0.0,0.0,0.75,0.25,0.16319,0.019288,0.109409,0.109409,0.917393,0.925335,0.979327,0.940685,18.125
custom_0017,val_tune,4,zscore,0.0,0.0,0.75,0.5,0.16319,0.019288,0.109409,0.109409,0.917393,0.925335,0.979327,0.940685,18.125
custom_0018,val_tune,4,zscore,0.0,0.0,0.75,0.75,0.16319,0.019288,0.109409,0.109409,0.917393,0.925335,0.979327,0.940685,18.125
custom_0019,val_tune,4,zscore,0.0,0.0,0.75,1.0,0.16319,0.019288,0.109409,0.109409,0.917393,0.925335,0.979327,0.940685,18.125
custom_0020,val_tune,4,zscore,0.0,0.0,1.0,0.0,0.16319,0.019288,0.109409,0.109409,0.917393,0.925335,0.979327,0.940685,18.125
custom_0021,val_tune,4,zscore,0.0,0.0,1.0,0.25,0.16319,0.019288,0.109409,0.109409,0.917393,0.925335,0.979327,0.940685,18.125
custom_0022,val_tune,4,zscore,0.0,0.0,1.0,0.5,0.16319,0.019288,0.109409,0.109409,0.917393,0.925335,0.979327,0.940685,18.125
custom_0023,val_tune,4,zscore,0.0,0.0,1.0,0.75,0.16319,0.019288,0.109409,0.109409,0.917393,0.925335,0.979327,0.940685,18.125
custom_0024,val_tune,4,zscore,0.0,0.0,1.0,1.0,0.16319,0.019288,0.109409,0.109409,0.917393,0.925335,0.979327,0.940685,18.125
custom_0030,val_tune,4,zscore,0.0,0.25,0.25,0.0,0.16319,0.019288,0.109409,0.109409,0.917393,0.925335,0.979327,0.940685,18.125
custom_0031,val_tune,4,zscore,0.0,0.25,0.25,0.25,0.16319,0.019288,0.109409,0.109409,0.917393,0.925335,0.979327,0.940685,18.125
custom_0032,val_tune,4,zscore,0.0,0.25,0.25,0.5,0.16319,0.019288,0.109409,0.109409,0.917393,0.925335,0.979327,0.940685,18.125
custom_0035,val_tune,4,zscore,0.0,0.25,0.5,0.0,0.16319,0.019288,0.109409,0.109409,0.917393,0.925335,0.979327,0.940685,18.125
custom_0036,val_tune,4,zscore,0.0,0.25,0.5,0.25,0.16319,0.019288,0.109409,0.109409,0.917393,0.925335,0.979327,0.940685,18.125
custom_0037,val_tune,4,zscore,0.0,0.25,0.5,0.5,0.16319,0.019288,0.109409,0.109409,0.917393,0.925335,0.979327,0.940685,18.125
custom_0038,val_tune,4,zscore,0.0,0.25,0.5,0.75,0.16319,0.019288,0.109409,0.109409,0.917393,0.925335,0.979327,0.940685,18.125
custom_0039,val_tune,4,zscore,0.0,0.25,0.5,1.0,0.16319,0.019288,0.109409,0.109409,0.917393,0.925335,0.979327,0.940685,18.125
custom_0040,val_tune,4,zscore,0.0,0.25,0.75,0.0,0.16319,0.019288,0.109409,0.109409,0.917393,0.925335,0.979327,0.940685,18.125
custom_0041,val_tune,4,zscore,0.0,0.25,0.75,0.25,0.16319,0.019288,0.109409,0.109409,0.917393,0.925335,0.979327,0.940685,18.125
custom_0042,val_tune,4,zscore,0.0,0.25,0.75,0.5,0.16319,0.019288,0.109409,0.109409,0.917393,0.925335,0.979327,0.940685,18.125
custom_0043,val_tune,4,zscore,0.0,0.25,0.75,0.75,0.16319,0.019288,0.109409,0.109409,0.917393,0.925335,0.979327,0.940685,18.125
custom_0044,val_tune,4,zscore,0.0,0.25,0.75,1.0,0.16319,0.019288,0.109409,0.109409,0.917393,0.925335,0.979327,0.940685,18.125
custom_0045,val_tune,4,zscore,0.0,0.25,1.0,0.0,0.16319,0.019288,0.109409,0.109409,0.917393,0.925335,0.979327,0.940685,18.125
custom_0046,val_tune,4,zscore,0.0,0.25,1.0,0.25,0.16319,0.019288,0.109409,0.109409,0.917393,0.925335,0.979327,0.940685,18.125
custom_0047,val_tune,4,zscore,0.0,0.25,1.0,0.5,0.16319,0.019288,0.109409,0.109409,0.917393,0.925335,0.979327,0.940685,18.125
custom_0048,val_tune,4,zscore,0.0,0.25,1.0,0.75,0.16319,0.019288,0.109409,0.109409,0.917393,0.925335,0.979327,0.940685,18.125
custom_0049,val_tune,4,zscore,0.0,0.25,1.0,1.0,0.16319,0.019288,0.109409,0.109409,0.917393,0.925335,0.979327,0.940685,18.125
custom_0055,val_tune,4,zscore,0.0,0.5,0.25,0.0,0.16319,0.019288,0.109409,0.109409,0.917393,0.925335,0.979327,0.940685,18.125
custom_0060,val_tune,4,zscore,0.0,0.5,0.5,0.0,0.16319,0.019288,0.109409,0.109409,0.917393,0.925335,0.979327,0.940685,18.125
custom_0061,val_tune,4,zscore,0.0,0.5,0.5,0.25,0.16319,0.019288,0.109409,0.109409,0.917393,0.925335,0.979327,0.940685,18.125
custom_0062,val_tune,4,zscore,0.0,0.5,0.5,0.5,0.16319,0.019288,0.109409,0.109409,0.917393,0.925335,0.979327,0.940685,18.125
custom_0063,val_tune,4,zscore,0.0,0.5,0.5,0.75,0.16319,0.019288,0.109409,0.109409,0.917393,0.925335,0.979327,0.940685,18.125
custom_0064,val_tune,4,zscore,0.0,0.5,0.5,1.0,0.16319,0.019288,0.109409,0.109409,0.917393,0.925335,0.979327,0.940685,18.125
custom_0065,val_tune,4,zscore,0.0,0.5,0.75,0.0,0.16319,0.019288,0.109409,0.109409,0.917393,0.925335,0.979327,0.940685,18.125
custom_0066,val_tune,4,zscore,0.0,0.5,0.75,0.25,0.16319,0.019288,0.109409,0.109409,0.917393,0.925335,0.979327,0.940685,18.125
custom_0067,val_tune,4,zscore,0.0,0.5,0.75,0.5,0.16319,0.019288,0.109409,0.109409,0.917393,0.925335,0.979327,0.940685,18.125
custom_0068,val_tune,4,zscore,0.0,0.5,0.75,0.75,0.16319,0.019288,0.109409,0.109409,0.917393,0.925335,0.979327,0.940685,18.125
custom_0069,val_tune,4,zscore,0.0,0.5,0.75,1.0,0.16319,0.019288,0.109409,0.109409,0.917393,0.925335,0.979327,0.940685,18.125
custom_0070,val_tune,4,zscore,0.0,0.5,1.0,0.0,0.16319,0.019288,0.109409,0.109409,0.917393,0.925335,0.979327,0.940685,18.125
custom_0071,val_tune,4,zscore,0.0,0.5,1.0,0.25,0.16319,0.019288,0.109409,0.109409,0.917393,0.925335,0.979327,0.940685,18.125
custom_0072,val_tune,4,zscore,0.0,0.5,1.0,0.5,0.16319,0.019288,0.109409,0.109409,0.917393,0.925335,0.979327,0.940685,18.125
custom_0073,val_tune,4,zscore,0.0,0.5,1.0,0.75,0.16319,0.019288,0.109409,0.109409,0.917393,0.925335,0.979327,0.940685,18.125
custom_0074,val_tune,4,zscore,0.0,0.5,1.0,1.0,0.16319,0.019288,0.109409,0.109409,0.917393,0.925335,0.979327,0.940685,18.125
custom_0085,val_tune,4,zscore,0.0,0.75,0.5,0.0,0.16319,0.019288,0.109409,0.109409,0.917393,0.925335,0.979327,0.940685,18.125
custom_0086,val_tune,4,zscore,0.0,0.75,0.5,0.25,0.16319,0.019288,0.109409,0.109409,0.917393,0.925335,0.979327,0.940685,18.125
custom_0087,val_tune,4,zscore,0.0,0.75,0.5,0.5,0.16319,0.019288,0.109409,0.109409,0.917393,0.925335,0.979327,0.940685,18.125
custom_0088,val_tune,4,zscore,0.0,0.75,0.5,0.75,0.16319,0.019288,0.109409,0.109409,0.917393,0.925335,0.979327,0.940685,18.125
custom_0090,val_tune,4,zscore,0.0,0.75,0.75,0.0,0.16319,0.019288,0.109409,0.109409,0.917393,0.925335,0.979327,0.940685,18.125
custom_0091,val_tune,4,zscore,0.0,0.75,0.75,0.25,0.16319,0.019288,0.109409,0.109409,0.917393,0.925335,0.979327,0.940685,18.125
custom_0092,val_tune,4,zscore,0.0,0.75,0.75,0.5,0.16319,0.019288,0.109409,0.109409,0.917393,0.925335,0.979327,0.940685,18.125
custom_0093,val_tune,4,zscore,0.0,0.75,0.75,0.75,0.16319,0.019288,0.109409,0.109409,0.917393,0.925335,0.979327,0.940685,18.125
custom_0094,val_tune,4,zscore,0.0,0.75,0.75,1.0,0.16319,0.019288,0.109409,0.109409,0.917393,0.925335,0.979327,0.940685,18.125
custom_0095,val_tune,4,zscore,0.0,0.75,1.0,0.0,0.16319,0.019288,0.109409,0.109409,0.917393,0.925335,0.979327,0.940685,18.125
custom_0096,val_tune,4,zscore,0.0,0.75,1.0,0.25,0.16319,0.019288,0.109409,0.109409,0.917393,0.925335,0.979327,0.940685,18.125
custom_0097,val_tune,4,zscore,0.0,0.75,1.0,0.5,0.16319,0.019288,0.109409,0.109409,0.917393,0.925335,0.979327,0.940685,18.125
custom_0098,val_tune,4,zscore,0.0,0.75,1.0,0.75,0.16319,0.019288,0.109409,0.109409,0.917393,0.925335,0.979327,0.940685,18.125
custom_0099,val_tune,4,zscore,0.0,0.75,1.0,1.0,0.16319,0.019288,0.109409,0.109409,0.917393,0.925335,0.979327,0.940685,18.125
custom_0110,val_tune,4,zscore,0.0,1.0,0.5,0.0,0.16319,0.019288,0.109409,0.109409,0.917393,0.925335,0.979327,0.940685,18.125
custom_0111,val_tune,4,zscore,0.0,1.0,0.5,0.25,0.16319,0.019288,0.109409,0.109409,0.917393,0.925335,0.979327,0.940685,18.125
custom_0115,val_tune,4,zscore,0.0,1.0,0.75,0.0,0.16319,0.019288,0.109409,0.109409,0.917393,0.925335,0.979327,0.940685,18.125
custom_0116,val_tune,4,zscore,0.0,1.0,0.75,0.25,0.16319,0.019288,0.109409,0.109409,0.917393,0.925335,0.979327,0.940685,18.125
custom_0117,val_tune,4,zscore,0.0,1.0,0.75,0.5,0.16319,0.019288,0.109409,0.109409,0.917393,0.925335,0.979327,0.940685,18.125
custom_0118,val_tune,4,zscore,0.0,1.0,0.75,0.75,0.16319,0.019288,0.109409,0.109409,0.917393,0.925335,0.979327,0.940685,18.125
custom_0119,val_tune,4,zscore,0.0,1.0,0.75,1.0,0.16319,0.019288,0.109409,0.109409,0.917393,0.925335,0.979327,0.940685,18.125
custom_0120,val_tune,4,zscore,0.0,1.0,1.0,0.0,0.16319,0.019288,0.109409,0.109409,0.917393,0.925335,0.979327,0.940685,18.125
custom_0121,val_tune,4,zscore,0.0,1.0,1.0,0.25,0.16319,0.019288,0.109409,0.109409,0.917393,0.925335,0.979327,0.940685,18.125
custom_0122,val_tune,4,zscore,0.0,1.0,1.0,0.5,0.16319,0.019288,0.109409,0.109409,0.917393,0.925335,0.979327,0.940685,18.125
custom_0123,val_tune,4,zscore,0.0,1.0,1.0,0.75,0.16319,0.019288,0.109409,0.109409,0.917393,0.925335,0.979327,0.940685,18.125
custom_0124,val_tune,4,zscore,0.0,1.0,1.0,1.0,0.16319,0.019288,0.109409,0.109409,0.917393,0.925335,0.979327,0.940685,18.125
custom_0148,val_tune,4,zscore,0.25,0.0,1.0,0.75,0.16319,0.019288,0.109409,0.109409,0.917393,0.925335,0.979327,0.940685,18.125
custom_0149,val_tune,4,zscore,0.25,0.0,1.0,1.0,0.16319,0.019288,0.109409,0.109409,0.917393,0.925335,0.979327,0.940685,18.125
custom_0162,val_tune,4,zscore,0.25,0.25,0.5,0.5,0.16319,0.019288,0.109409,0.109409,0.917393,0.925335,0.979327,0.940685,18.125
custom_0163,val_tune,4,zscore,0.25,0.25,0.5,0.75,0.16319,0.019288,0.109409,0.109409,0.917393,0.925335,0.979327,0.940685,18.125
custom_0164,val_tune,4,zscore,0.25,0.25,0.5,1.0,0.16319,0.019288,0.109409,0.109409,0.917393,0.925335,0.979327,0.940685,18.125
custom_0166,val_tune,4,zscore,0.25,0.25,0.75,0.25,0.16319,0.019288,0.109409,0.109409,0.917393,0.925335,0.979327,0.940685,18.125
custom_0167,val_tune,4,zscore,0.25,0.25,0.75,0.5,0.16319,0.019288,0.109409,0.109409,0.917393,0.925335,0.979327,0.940685,18.125
custom_0168,val_tune,4,zscore,0.25,0.25,0.75,0.75,0.16319,0.019288,0.109409,0.109409,0.917393,0.925335,0.979327,0.940685,18.125
custom_0169,val_tune,4,zscore,0.25,0.25,0.75,1.0,0.16319,0.019288,0.109409,0.109409,0.917393,0.925335,0.979327,0.940685,18.125
custom_0170,val_tune,4,zscore,0.25,0.25,1.0,0.0,0.16319,0.019288,0.109409,0.109409,0.917393,0.925335,0.979327,0.940685,18.125
custom_0171,val_tune,4,zscore,0.25,0.25,1.0,0.25,0.16319,0.019288,0.109409,0.109409,0.917393,0.925335,0.979327,0.940685,18.125
custom_0172,val_tune,4,zscore,0.25,0.25,1.0,0.5,0.16319,0.019288,0.109409,0.109409,0.917393,0.925335,0.979327,0.940685,18.125
custom_0173,val_tune,4,zscore,0.25,0.25,1.0,0.75,0.16319,0.019288,0.109409,0.109409,0.917393,0.925335,0.979327,0.940685,18.125
custom_0174,val_tune,4,zscore,0.25,0.25,1.0,1.0,0.16319,0.019288,0.109409,0.109409,0.917393,0.925335,0.979327,0.940685,18.125
custom_0181,val_tune,4,zscore,0.25,0.5,0.25,0.25,0.16319,0.019288,0.109409,0.109409,0.917393,0.925335,0.979327,0.940685,18.125
custom_0182,val_tune,4,zscore,0.25,0.5,0.25,0.5,0.16319,0.019288,0.109409,0.109409,0.917393,0.925335,0.979327,0.940685,18.125
custom_0183,val_tune,4,zscore,0.25,0.5,0.25,0.75,0.16319,0.019288,0.109409,0.109409,0.917393,0.925335,0.979327,0.940685,18.125
custom_0184,val_tune,4,zscore,0.25,0.5,0.25,1.0,0.16319,0.019288,0.109409,0.109409,0.917393,0.925335,0.979327,0.940685,18.125
custom_0185,val_tune,4,zscore,0.25,0.5,0.5,0.0,0.16319,0.019288,0.109409,0.109409,0.917393,0.925335,0.979327,0.940685,18.125
custom_0186,val_tune,4,zscore,0.25,0.5,0.5,0.25,0.16319,0.019288,0.109409,0.109409,0.917393,0.925335,0.979327,0.940685,18.125
custom_0187,val_tune,4,zscore,0.25,0.5,0.5,0.5,0.16319,0.019288,0.109409,0.109409,0.917393,0.925335,0.979327,0.940685,18.125
custom_0188,val_tune,4,zscore,0.25,0.5,0.5,0.75,0.16319,0.019288,0.109409,0.109409,0.917393,0.925335,0.979327,0.940685,18.125
custom_0189,val_tune,4,zscore,0.25,0.5,0.5,1.0,0.16319,0.019288,0.109409,0.109409,0.917393,0.925335,0.979327,0.940685,18.125
custom_0190,val_tune,4,zscore,0.25,0.5,0.75,0.0,0.16319,0.019288,0.109409,0.109409,0.917393,0.925335,0.979327,0.940685,18.125
custom_0191,val_tune,4,zscore,0.25,0.5,0.75,0.25,0.16319,0.019288,0.109409,0.109409,0.917393,0.925335,0.979327,0.940685,18.125
custom_0192,val_tune,4,zscore,0.25,0.5,0.75,0.5,0.16319,0.019288,0.109409,0.109409,0.917393,0.925335,0.979327,0.940685,18.125
custom_0193,val_tune,4,zscore,0.25,0.5,0.75,0.75,0.16319,0.019288,0.109409,0.109409,0.917393,0.925335,0.979327,0.940685,18.125
custom_0194,val_tune,4,zscore,0.25,0.5,0.75,1.0,0.16319,0.019288,0.109409,0.109409,0.917393,0.925335,0.979327,0.940685,18.125
custom_0195,val_tune,4,zscore,0.25,0.5,1.0,0.0,0.16319,0.019288,0.109409,0.109409,0.917393,0.925335,0.979327,0.940685,18.125
custom_0196,val_tune,4,zscore,0.25,0.5,1.0,0.25,0.16319,0.019288,0.109409,0.109409,0.917393,0.925335,0.979327,0.940685,18.125
custom_0197,val_tune,4,zscore,0.25,0.5,1.0,0.5,0.16319,0.019288,0.109409,0.109409,0.917393,0.925335,0.979327,0.940685,18.125
custom_0198,val_tune,4,zscore,0.25,0.5,1.0,0.75,0.16319,0.019288,0.109409,0.109409,0.917393,0.925335,0.979327,0.940685,18.125
custom_0199,val_tune,4,zscore,0.25,0.5,1.0,1.0,0.16319,0.019288,0.109409,0.109409,0.917393,0.925335,0.979327,0.940685,18.125
custom_0205,val_tune,4,zscore,0.25,0.75,0.25,0.0,0.16319,0.019288,0.109409,0.109409,0.917393,0.925335,0.979327,0.940685,18.125
custom_0206,val_tune,4,zscore,0.25,0.75,0.25,0.25,0.16319,0.019288,0.109409,0.109409,0.917393,0.925335,0.979327,0.940685,18.125
custom_0207,val_tune,4,zscore,0.25,0.75,0.25,0.5,0.16319,0.019288,0.109409,0.109409,0.917393,0.925335,0.979327,0.940685,18.125
custom_0208,val_tune,4,zscore,0.25,0.75,0.25,0.75,0.16319,0.019288,0.109409,0.109409,0.917393,0.925335,0.979327,0.940685,18.125
custom_0210,val_tune,4,zscore,0.25,0.75,0.5,0.0,0.16319,0.019288,0.109409,0.109409,0.917393,0.925335,0.979327,0.940685,18.125
custom_0211,val_tune,4,zscore,0.25,0.75,0.5,0.25,0.16319,0.019288,0.109409,0.109409,0.917393,0.925335,0.979327,0.940685,18.125
custom_0212,val_tune,4,zscore,0.25,0.75,0.5,0.5,0.16319,0.019288,0.109409,0.109409,0.917393,0.925335,0.979327,0.940685,18.125
custom_0213,val_tune,4,zscore,0.25,0.75,0.5,0.75,0.16319,0.019288,0.109409,0.109409,0.917393,0.925335,0.979327,0.940685,18.125
custom_0214,val_tune,4,zscore,0.25,0.75,0.5,1.0,0.16319,0.019288,0.109409,0.109409,0.917393,0.925335,0.979327,0.940685,18.125
custom_0215,val_tune,4,zscore,0.25,0.75,0.75,0.0,0.16319,0.019288,0.109409,0.109409,0.917393,0.925335,0.979327,0.940685,18.125
custom_0216,val_tune,4,zscore,0.25,0.75,0.75,0.25,0.16319,0.019288,0.109409,0.109409,0.917393,0.925335,0.979327,0.940685,18.125
custom_0217,val_tune,4,zscore,0.25,0.75,0.75,0.5,0.16319,0.019288,0.109409,0.109409,0.917393,0.925335,0.979327,0.940685,18.125
custom_0218,val_tune,4,zscore,0.25,0.75,0.75,0.75,0.16319,0.019288,0.109409,0.109409,0.917393,0.925335,0.979327,0.940685,18.125
custom_0219,val_tune,4,zscore,0.25,0.75,0.75,1.0,0.16319,0.019288,0.109409,0.109409,0.917393,0.925335,0.979327,0.940685,18.125
custom_0220,val_tune,4,zscore,0.25,0.75,1.0,0.0,0.16319,0.019288,0.109409,0.109409,0.917393,0.925335,0.979327,0.940685,18.125
custom_0221,val_tune,4,zscore,0.25,0.75,1.0,0.25,0.16319,0.019288,0.109409,0.109409,0.917393,0.925335,0.979327,0.940685,18.125
custom_0222,val_tune,4,zscore,0.25,0.75,1.0,0.5,0.16319,0.019288,0.109409,0.109409,0.917393,0.925335,0.979327,0.940685,18.125
custom_0223,val_tune,4,zscore,0.25,0.75,1.0,0.75,0.16319,0.019288,0.109409,0.109409,0.917393,0.925335,0.979327,0.940685,18.125
custom_0224,val_tune,4,zscore,0.25,0.75,1.0,1.0,0.16319,0.019288,0.109409,0.109409,0.917393,0.925335,0.979327,0.940685,18.125
custom_0230,val_tune,4,zscore,0.25,1.0,0.25,0.0,0.16319,0.019288,0.109409,0.109409,0.917393,0.925335,0.979327,0.940685,18.125
custom_0231,val_tune,4,zscore,0.25,1.0,0.25,0.25,0.16319,0.019288,0.109409,0.109409,0.917393,0.925335,0.979327,0.940685,18.125
custom_0235,val_tune,4,zscore,0.25,1.0,0.5,0.0,0.16319,0.019288,0.109409,0.109409,0.917393,0.925335,0.979327,0.940685,18.125
custom_0236,val_tune,4,zscore,0.25,1.0,0.5,0.25,0.16319,0.019288,0.109409,0.109409,0.917393,0.925335,0.979327,0.940685,18.125
custom_0237,val_tune,4,zscore,0.25,1.0,0.5,0.5,0.16319,0.019288,0.109409,0.109409,0.917393,0.925335,0.979327,0.940685,18.125
custom_0238,val_tune,4,zscore,0.25,1.0,0.5,0.75,0.16319,0.019288,0.109409,0.109409,0.917393,0.925335,0.979327,0.940685,18.125
custom_0239,val_tune,4,zscore,0.25,1.0,0.5,1.0,0.16319,0.019288,0.109409,0.109409,0.917393,0.925335,0.979327,0.940685,18.125
custom_0240,val_tune,4,zscore,0.25,1.0,0.75,0.0,0.16319,0.019288,0.109409,0.109409,0.917393,0.925335,0.979327,0.940685,18.125
custom_0241,val_tune,4,zscore,0.25,1.0,0.75,0.25,0.16319,0.019288,0.109409,0.109409,0.917393,0.925335,0.979327,0.940685,18.125
custom_0242,val_tune,4,zscore,0.25,1.0,0.75,0.5,0.16319,0.019288,0.109409,0.109409,0.917393,0.925335,0.979327,0.940685,18.125
custom_0243,val_tune,4,zscore,0.25,1.0,0.75,0.75,0.16319,0.019288,0.109409,0.109409,0.917393,0.925335,0.979327,0.940685,18.125
custom_0244,val_tune,4,zscore,0.25,1.0,0.75,1.0,0.16319,0.019288,0.109409,0.109409,0.917393,0.925335,0.979327,0.940685,18.125
custom_0245,val_tune,4,zscore,0.25,1.0,1.0,0.0,0.16319,0.019288,0.109409,0.109409,0.917393,0.925335,0.979327,0.940685,18.125
custom_0246,val_tune,4,zscore,0.25,1.0,1.0,0.25,0.16319,0.019288,0.109409,0.109409,0.917393,0.925335,0.979327,0.940685,18.125
custom_0247,val_tune,4,zscore,0.25,1.0,1.0,0.5,0.16319,0.019288,0.109409,0.109409,0.917393,0.925335,0.979327,0.940685,18.125
custom_0248,val_tune,4,zscore,0.25,1.0,1.0,0.75,0.16319,0.019288,0.109409,0.109409,0.917393,0.925335,0.979327,0.940685,18.125
custom_0249,val_tune,4,zscore,0.25,1.0,1.0,1.0,0.16319,0.019288,0.109409,0.109409,0.917393,0.925335,0.979327,0.940685,18.125
custom_0323,val_tune,4,zscore,0.5,0.5,1.0,0.75,0.16319,0.019288,0.109409,0.109409,0.917393,0.925335,0.979327,0.940685,18.125
custom_0324,val_tune,4,zscore,0.5,0.5,1.0,1.0,0.16319,0.019288,0.109409,0.109409,0.917393,0.925335,0.979327,0.940685,18.125
custom_0339,val_tune,4,zscore,0.5,0.75,0.5,1.0,0.16319,0.019288,0.109409,0.109409,0.917393,0.925335,0.979327,0.940685,18.125
custom_0342,val_tune,4,zscore,0.5,0.75,0.75,0.5,0.16319,0.019288,0.109409,0.109409,0.917393,0.925335,0.979327,0.940685,18.125
custom_0343,val_tune,4,zscore,0.5,0.75,0.75,0.75,0.16319,0.019288,0.109409,0.109409,0.917393,0.925335,0.979327,0.940685,18.125
custom_0344,val_tune,4,zscore,0.5,0.75,0.75,1.0,0.16319,0.019288,0.109409,0.109409,0.917393,0.925335,0.979327,0.940685,18.125
custom_0346,val_tune,4,zscore,0.5,0.75,1.0,0.25,0.16319,0.019288,0.109409,0.109409,0.917393,0.925335,0.979327,0.940685,18.125
custom_0347,val_tune,4,zscore,0.5,0.75,1.0,0.5,0.16319,0.019288,0.109409,0.109409,0.917393,0.925335,0.979327,0.940685,18.125
custom_0348,val_tune,4,zscore,0.5,0.75,1.0,0.75,0.16319,0.019288,0.109409,0.109409,0.917393,0.925335,0.979327,0.940685,18.125
custom_0349,val_tune,4,zscore,0.5,0.75,1.0,1.0,0.16319,0.019288,0.109409,0.109409,0.917393,0.925335,0.979327,0.940685,18.125
custom_0361,val_tune,4,zscore,0.5,1.0,0.5,0.25,0.16319,0.019288,0.109409,0.109409,0.917393,0.925335,0.979327,0.940685,18.125
custom_0362,val_tune,4,zscore,0.5,1.0,0.5,0.5,0.16319,0.019288,0.109409,0.109409,0.917393,0.925335,0.979327,0.940685,18.125
custom_0363,val_tune,4,zscore,0.5,1.0,0.5,0.75,0.16319,0.019288,0.109409,0.109409,0.917393,0.925335,0.979327,0.940685,18.125
custom_0364,val_tune,4,zscore,0.5,1.0,0.5,1.0,0.16319,0.019288,0.109409,0.109409,0.917393,0.925335,0.979327,0.940685,18.125
custom_0365,val_tune,4,zscore,0.5,1.0,0.75,0.0,0.16319,0.019288,0.109409,0.109409,0.917393,0.925335,0.979327,0.940685,18.125
custom_0366,val_tune,4,zscore,0.5,1.0,0.75,0.25,0.16319,0.019288,0.109409,0.109409,0.917393,0.925335,0.979327,0.940685,18.125
custom_0367,val_tune,4,zscore,0.5,1.0,0.75,0.5,0.16319,0.019288,0.109409,0.109409,0.917393,0.925335,0.979327,0.940685,18.125
custom_0368,val_tune,4,zscore,0.5,1.0,0.75,0.75,0.16319,0.019288,0.109409,0.109409,0.917393,0.925335,0.979327,0.940685,18.125
custom_0369,val_tune,4,zscore,0.5,1.0,0.75,1.0,0.16319,0.019288,0.109409,0.109409,0.917393,0.925335,0.979327,0.940685,18.125
custom_0370,val_tune,4,zscore,0.5,1.0,1.0,0.0,0.16319,0.019288,0.109409,0.109409,0.917393,0.925335,0.979327,0.940685,18.125
custom_0371,val_tune,4,zscore,0.5,1.0,1.0,0.25,0.16319,0.019288,0.109409,0.109409,0.917393,0.925335,0.979327,0.940685,18.125
custom_0372,val_tune,4,zscore,0.5,1.0,1.0,0.5,0.16319,0.019288,0.109409,0.109409,0.917393,0.925335,0.979327,0.940685,18.125
custom_0373,val_tune,4,zscore,0.5,1.0,1.0,0.75,0.16319,0.019288,0.109409,0.109409,0.917393,0.925335,0.979327,0.940685,18.125
custom_0374,val_tune,4,zscore,0.5,1.0,1.0,1.0,0.16319,0.019288,0.109409,0.109409,0.917393,0.925335,0.979327,0.940685,18.125
custom_0001,val_tune,4,zscore,0.0,0.0,0.0,0.25,0.163663,0.019288,0.109645,0.109645,0.924124,0.911165,0.98125,0.938846,18.0
custom_0002,val_tune,4,zscore,0.0,0.0,0.0,0.5,0.163663,0.019288,0.109645,0.109645,0.924124,0.911165,0.98125,0.938846,18.0
custom_0003,val_tune,4,zscore,0.0,0.0,0.0,0.75,0.163663,0.019288,0.109645,0.109645,0.924124,0.911165,0.98125,0.938846,18.0
custom_0004,val_tune,4,zscore,0.0,0.0,0.0,1.0,0.163663,0.019288,0.109645,0.109645,0.924124,0.911165,0.98125,0.938846,18.0
custom_0026,val_tune,4,zscore,0.0,0.25,0.0,0.25,0.163663,0.019288,0.109645,0.109645,0.924124,0.911165,0.98125,0.938846,18.0
custom_0027,val_tune,4,zscore,0.0,0.25,0.0,0.5,0.163663,0.019288,0.109645,0.109645,0.924124,0.911165,0.98125,0.938846,18.0
custom_0028,val_tune,4,zscore,0.0,0.25,0.0,0.75,0.163663,0.019288,0.109645,0.109645,0.924124,0.911165,0.98125,0.938846,18.0
custom_0029,val_tune,4,zscore,0.0,0.25,0.0,1.0,0.163663,0.019288,0.109645,0.109645,0.924124,0.911165,0.98125,0.938846,18.0
custom_0033,val_tune,4,zscore,0.0,0.25,0.25,0.75,0.163663,0.019288,0.109645,0.109645,0.924124,0.911165,0.98125,0.938846,18.0
custom_0034,val_tune,4,zscore,0.0,0.25,0.25,1.0,0.163663,0.019288,0.109645,0.109645,0.924124,0.911165,0.98125,0.938846,18.0
custom_0051,val_tune,4,zscore,0.0,0.5,0.0,0.25,0.163663,0.019288,0.109645,0.109645,0.924124,0.911165,0.98125,0.938846,18.0
custom_0052,val_tune,4,zscore,0.0,0.5,0.0,0.5,0.163663,0.019288,0.109645,0.109645,0.924124,0.911165,0.98125,0.938846,18.0
custom_0053,val_tune,4,zscore,0.0,0.5,0.0,0.75,0.163663,0.019288,0.109645,0.109645,0.924124,0.911165,0.98125,0.938846,18.0
custom_0054,val_tune,4,zscore,0.0,0.5,0.0,1.0,0.163663,0.019288,0.109645,0.109645,0.924124,0.911165,0.98125,0.938846,18.0
custom_0056,val_tune,4,zscore,0.0,0.5,0.25,0.25,0.163663,0.019288,0.109645,0.109645,0.924124,0.911165,0.98125,0.938846,18.0
custom_0057,val_tune,4,zscore,0.0,0.5,0.25,0.5,0.163663,0.019288,0.109645,0.109645,0.924124,0.911165,0.98125,0.938846,18.0
custom_0058,val_tune,4,zscore,0.0,0.5,0.25,0.75,0.163663,0.019288,0.109645,0.109645,0.924124,0.911165,0.98125,0.938846,18.0
custom_0059,val_tune,4,zscore,0.0,0.5,0.25,1.0,0.163663,0.019288,0.109645,0.109645,0.924124,0.911165,0.98125,0.938846,18.0
custom_0076,val_tune,4,zscore,0.0,0.75,0.0,0.25,0.163663,0.019288,0.109645,0.109645,0.924124,0.911165,0.98125,0.938846,18.0
custom_0077,val_tune,4,zscore,0.0,0.75,0.0,0.5,0.163663,0.019288,0.109645,0.109645,0.924124,0.911165,0.98125,0.938846,18.0
custom_0078,val_tune,4,zscore,0.0,0.75,0.0,0.75,0.163663,0.019288,0.109645,0.109645,0.924124,0.911165,0.98125,0.938846,18.0
custom_0079,val_tune,4,zscore,0.0,0.75,0.0,1.0,0.163663,0.019288,0.109645,0.109645,0.924124,0.911165,0.98125,0.938846,18.0
custom_0080,val_tune,4,zscore,0.0,0.75,0.25,0.0,0.163663,0.019288,0.109645,0.109645,0.924124,0.911165,0.98125,0.938846,18.0
custom_0081,val_tune,4,zscore,0.0,0.75,0.25,0.25,0.163663,0.019288,0.109645,0.109645,0.924124,0.911165,0.98125,0.938846,18.0
custom_0082,val_tune,4,zscore,0.0,0.75,0.25,0.5,0.163663,0.019288,0.109645,0.109645,0.924124,0.911165,0.98125,0.938846,18.0
custom_0083,val_tune,4,zscore,0.0,0.75,0.25,0.75,0.163663,0.019288,0.109645,0.109645,0.924124,0.911165,0.98125,0.938846,18.0
custom_0084,val_tune,4,zscore,0.0,0.75,0.25,1.0,0.163663,0.019288,0.109645,0.109645,0.924124,0.911165,0.98125,0.938846,18.0
custom_0089,val_tune,4,zscore,0.0,0.75,0.5,1.0,0.163663,0.019288,0.109645,0.109645,0.924124,0.911165,0.98125,0.938846,18.0
custom_0101,val_tune,4,zscore,0.0,1.0,0.0,0.25,0.163663,0.019288,0.109645,0.109645,0.924124,0.911165,0.98125,0.938846,18.0
custom_0102,val_tune,4,zscore,0.0,1.0,0.0,0.5,0.163663,0.019288,0.109645,0.109645,0.924124,0.911165,0.98125,0.938846,18.0
custom_0103,val_tune,4,zscore,0.0,1.0,0.0,0.75,0.163663,0.019288,0.109645,0.109645,0.924124,0.911165,0.98125,0.938846,18.0
custom_0104,val_tune,4,zscore,0.0,1.0,0.0,1.0,0.163663,0.019288,0.109645,0.109645,0.924124,0.911165,0.98125,0.938846,18.0
custom_0105,val_tune,4,zscore,0.0,1.0,0.25,0.0,0.163663,0.019288,0.109645,0.109645,0.924124,0.911165,0.98125,0.938846,18.0
custom_0106,val_tune,4,zscore,0.0,1.0,0.25,0.25,0.163663,0.019288,0.109645,0.109645,0.924124,0.911165,0.98125,0.938846,18.0
custom_0107,val_tune,4,zscore,0.0,1.0,0.25,0.5,0.163663,0.019288,0.109645,0.109645,0.924124,0.911165,0.98125,0.938846,18.0
custom_0108,val_tune,4,zscore,0.0,1.0,0.25,0.75,0.163663,0.019288,0.109645,0.109645,0.924124,0.911165,0.98125,0.938846,18.0
custom_0109,val_tune,4,zscore,0.0,1.0,0.25,1.0,0.163663,0.019288,0.109645,0.109645,0.924124,0.911165,0.98125,0.938846,18.0
custom_0112,val_tune,4,zscore,0.0,1.0,0.5,0.5,0.163663,0.019288,0.109645,0.109645,0.924124,0.911165,0.98125,0.938846,18.0
custom_0113,val_tune,4,zscore,0.0,1.0,0.5,0.75,0.163663,0.019288,0.109645,0.109645,0.924124,0.911165,0.98125,0.938846,18.0
custom_0114,val_tune,4,zscore,0.0,1.0,0.5,1.0,0.163663,0.019288,0.109645,0.109645,0.924124,0.911165,0.98125,0.938846,18.0
custom_0209,val_tune,4,zscore,0.25,0.75,0.25,1.0,0.163663,0.019288,0.109645,0.109645,0.924124,0.911165,0.98125,0.938846,18.0
custom_0232,val_tune,4,zscore,0.25,1.0,0.25,0.5,0.163663,0.019288,0.109645,0.109645,0.924124,0.911165,0.98125,0.938846,18.0
custom_0233,val_tune,4,zscore,0.25,1.0,0.25,0.75,0.163663,0.019288,0.109645,0.109645,0.924124,0.911165,0.98125,0.938846,18.0
custom_0234,val_tune,4,zscore,0.25,1.0,0.25,1.0,0.163663,0.019288,0.109645,0.109645,0.924124,0.911165,0.98125,0.938846,18.0
custom_0134,val_tune,8,zscore,0.25,0.0,0.25,1.0,0.15854,0.013167,0.098485,0.098485,0.909152,0.926074,0.979327,0.938184,17.625
custom_0293,val_tune,8,zscore,0.5,0.25,0.75,0.75,0.15854,0.013167,0.098485,0.098485,0.909152,0.926074,0.979327,0.938184,17.625
custom_0294,val_tune,8,zscore,0.5,0.25,0.75,1.0,0.15854,0.013167,0.098485,0.098485,0.909152,0.926074,0.979327,0.938184,17.625
custom_0132,val_tune,16,zscore,0.25,0.0,0.25,0.5,0.15854,0.013167,0.098485,0.098485,0.909152,0.926074,0.979327,0.938184,17.625
custom_0264,val_tune,16,zscore,0.5,0.0,0.5,1.0,0.15854,0.013167,0.098485,0.098485,0.909152,0.926074,0.979327,0.938184,17.625
custom_0283,val_tune,16,zscore,0.5,0.25,0.25,0.75,0.15854,0.013167,0.098485,0.098485,0.909152,0.926074,0.979327,0.938184,17.625
custom_0584,val_tune,16,zscore,1.0,0.75,0.25,1.0,0.162428,0.019119,0.108951,0.108951,0.928513,0.90458,0.979848,0.937647,18.375
custom_0200,val_tune,8,zscore,0.25,0.75,0.0,0.0,0.163635,0.024801,0.108032,0.108032,0.972369,0.865978,0.974521,0.937623,20.625
custom_0201,val_tune,8,zscore,0.25,0.75,0.0,0.25,0.163635,0.024801,0.108032,0.108032,0.972369,0.865978,0.974521,0.937623,20.625
custom_0225,val_tune,8,zscore,0.25,1.0,0.0,0.0,0.163635,0.024801,0.108032,0.108032,0.972369,0.865978,0.974521,0.937623,20.625
custom_0226,val_tune,8,zscore,0.25,1.0,0.0,0.25,0.163635,0.024801,0.108032,0.108032,0.972369,0.865978,0.974521,0.937623,20.625
custom_0227,val_tune,8,zscore,0.25,1.0,0.0,0.5,0.163635,0.024801,0.108032,0.108032,0.972369,0.865978,0.974521,0.937623,20.625
custom_0175,val_tune,16,zscore,0.25,0.5,0.0,0.0,0.163635,0.024801,0.108032,0.108032,0.972369,0.865978,0.974521,0.937623,20.625
custom_0200,val_tune,16,zscore,0.25,0.75,0.0,0.0,0.163635,0.024801,0.108032,0.108032,0.972369,0.865978,0.974521,0.937623,20.625
custom_0201,val_tune,16,zscore,0.25,0.75,0.0,0.25,0.163635,0.024801,0.108032,0.108032,0.972369,0.865978,0.974521,0.937623,20.625
custom_0350,val_tune,16,zscore,0.5,1.0,0.0,0.0,0.163635,0.024801,0.108032,0.108032,0.972369,0.865978,0.974521,0.937623,20.625
custom_0351,val_tune,16,zscore,0.5,1.0,0.0,0.25,0.163635,0.024801,0.108032,0.108032,0.972369,0.865978,0.974521,0.937623,20.625
logprob_plus_summac_plus_factcc,val_tune,8,zscore,0.34,0.33,0.33,0.0,0.159276,0.019119,0.1058,0.1058,0.910923,0.924242,0.976202,0.937122,17.25
custom_0155,val_tune,8,zscore,0.25,0.25,0.25,0.0,0.159276,0.019119,0.1058,0.1058,0.910923,0.924242,0.976202,0.937122,17.25
custom_0310,val_tune,8,zscore,0.5,0.5,0.5,0.0,0.159276,0.019119,0.1058,0.1058,0.910923,0.924242,0.976202,0.937122,17.25
custom_0311,val_tune,8,zscore,0.5,0.5,0.5,0.25,0.159276,0.019119,0.1058,0.1058,0.910923,0.924242,0.976202,0.937122,17.25
custom_0462,val_tune,8,zscore,0.75,0.75,0.5,0.5,0.159276,0.019119,0.1058,0.1058,0.910923,0.924242,0.976202,0.937122,17.25
custom_0463,val_tune,8,zscore,0.75,0.75,0.5,0.75,0.159276,0.019119,0.1058,0.1058,0.910923,0.924242,0.976202,0.937122,17.25
custom_0465,val_tune,8,zscore,0.75,0.75,0.75,0.0,0.159276,0.019119,0.1058,0.1058,0.910923,0.924242,0.976202,0.937122,17.25
custom_0466,val_tune,8,zscore,0.75,0.75,0.75,0.25,0.159276,0.019119,0.1058,0.1058,0.910923,0.924242,0.976202,0.937122,17.25
custom_0467,val_tune,8,zscore,0.75,0.75,0.75,0.5,0.159276,0.019119,0.1058,0.1058,0.910923,0.924242,0.976202,0.937122,17.25
custom_0470,val_tune,8,zscore,0.75,0.75,1.0,0.0,0.159276,0.019119,0.1058,0.1058,0.910923,0.924242,0.976202,0.937122,17.25
custom_0617,val_tune,8,zscore,1.0,1.0,0.75,0.5,0.159276,0.019119,0.1058,0.1058,0.910923,0.924242,0.976202,0.937122,17.25
custom_0618,val_tune,8,zscore,1.0,1.0,0.75,0.75,0.159276,0.019119,0.1058,0.1058,0.910923,0.924242,0.976202,0.937122,17.25
custom_0619,val_tune,8,zscore,1.0,1.0,0.75,1.0,0.159276,0.019119,0.1058,0.1058,0.910923,0.924242,0.976202,0.937122,17.25
custom_0620,val_tune,8,zscore,1.0,1.0,1.0,0.0,0.159276,0.019119,0.1058,0.1058,0.910923,0.924242,0.976202,0.937122,17.25
custom_0621,val_tune,8,zscore,1.0,1.0,1.0,0.25,0.159276,0.019119,0.1058,0.1058,0.910923,0.924242,0.976202,0.937122,17.25
custom_0622,val_tune,8,zscore,1.0,1.0,1.0,0.5,0.159276,0.019119,0.1058,0.1058,0.910923,0.924242,0.976202,0.937122,17.25
custom_0433,val_tune,16,zscore,0.75,0.5,0.25,0.75,0.159276,0.019119,0.1058,0.1058,0.910923,0.924242,0.976202,0.937122,17.25
custom_0435,val_tune,16,zscore,0.75,0.5,0.5,0.0,0.159276,0.019119,0.1058,0.1058,0.910923,0.924242,0.976202,0.937122,17.25
custom_0436,val_tune,16,zscore,0.75,0.5,0.5,0.25,0.159276,0.019119,0.1058,0.1058,0.910923,0.924242,0.976202,0.937122,17.25
custom_0585,val_tune,16,zscore,1.0,0.75,0.5,0.0,0.159276,0.019119,0.1058,0.1058,0.910923,0.924242,0.976202,0.937122,17.25
custom_0586,val_tune,16,zscore,1.0,0.75,0.5,0.25,0.159276,0.019119,0.1058,0.1058,0.910923,0.924242,0.976202,0.937122,17.25
custom_0587,val_tune,16,zscore,1.0,0.75,0.5,0.5,0.159276,0.019119,0.1058,0.1058,0.910923,0.924242,0.976202,0.937122,17.25
custom_0605,val_tune,16,zscore,1.0,1.0,0.25,0.0,0.160809,0.024801,0.109284,0.109284,0.930284,0.902748,0.976723,0.936585,18.25
custom_0483,val_tune,8,zscore,0.75,1.0,0.25,0.75,0.163545,0.024801,0.11202,0.11202,0.947055,0.881747,0.98041,0.936404,19.375
custom_0484,val_tune,8,zscore,0.75,1.0,0.25,1.0,0.163545,0.024801,0.11202,0.11202,0.947055,0.881747,0.98041,0.936404,19.375
custom_0606,val_tune,16,zscore,1.0,1.0,0.25,0.25,0.163545,0.024801,0.11202,0.11202,0.947055,0.881747,0.98041,0.936404,19.375
custom_0175,val_tune,8,zscore,0.25,0.5,0.0,0.0,0.164019,0.024801,0.112257,0.112257,0.953786,0.867576,0.982333,0.934565,19.25
custom_0176,val_tune,8,zscore,0.25,0.5,0.0,0.25,0.164019,0.024801,0.112257,0.112257,0.953786,0.867576,0.982333,0.934565,19.25
custom_0177,val_tune,8,zscore,0.25,0.5,0.0,0.5,0.164019,0.024801,0.112257,0.112257,0.953786,0.867576,0.982333,0.934565,19.25
custom_0178,val_tune,8,zscore,0.25,0.5,0.0,0.75,0.164019,0.024801,0.112257,0.112257,0.953786,0.867576,0.982333,0.934565,19.25
custom_0179,val_tune,8,zscore,0.25,0.5,0.0,1.0,0.164019,0.024801,0.112257,0.112257,0.953786,0.867576,0.982333,0.934565,19.25
custom_0202,val_tune,8,zscore,0.25,0.75,0.0,0.5,0.164019,0.024801,0.112257,0.112257,0.953786,0.867576,0.982333,0.934565,19.25
custom_0203,val_tune,8,zscore,0.25,0.75,0.0,0.75,0.164019,0.024801,0.112257,0.112257,0.953786,0.867576,0.982333,0.934565,19.25
custom_0204,val_tune,8,zscore,0.25,0.75,0.0,1.0,0.164019,0.024801,0.112257,0.112257,0.953786,0.867576,0.982333,0.934565,19.25
custom_0326,val_tune,8,zscore,0.5,0.75,0.0,0.25,0.164019,0.024801,0.112257,0.112257,0.953786,0.867576,0.982333,0.934565,19.25
custom_0327,val_tune,8,zscore,0.5,0.75,0.0,0.5,0.164019,0.024801,0.112257,0.112257,0.953786,0.867576,0.982333,0.934565,19.25
custom_0328,val_tune,8,zscore,0.5,0.75,0.0,0.75,0.164019,0.024801,0.112257,0.112257,0.953786,0.867576,0.982333,0.934565,19.25
custom_0329,val_tune,8,zscore,0.5,0.75,0.0,1.0,0.164019,0.024801,0.112257,0.112257,0.953786,0.867576,0.982333,0.934565,19.25
custom_0350,val_tune,8,zscore,0.5,1.0,0.0,0.0,0.164019,0.024801,0.112257,0.112257,0.953786,0.867576,0.982333,0.934565,19.25
custom_0351,val_tune,8,zscore,0.5,1.0,0.0,0.25,0.164019,0.024801,0.112257,0.112257,0.953786,0.867576,0.982333,0.934565,19.25
custom_0352,val_tune,8,zscore,0.5,1.0,0.0,0.5,0.164019,0.024801,0.112257,0.112257,0.953786,0.867576,0.982333,0.934565,19.25
custom_0353,val_tune,8,zscore,0.5,1.0,0.0,0.75,0.164019,0.024801,0.112257,0.112257,0.953786,0.867576,0.982333,0.934565,19.25
custom_0354,val_tune,8,zscore,0.5,1.0,0.0,1.0,0.164019,0.024801,0.112257,0.112257,0.953786,0.867576,0.982333,0.934565,19.25
custom_0151,val_tune,16,zscore,0.25,0.25,0.0,0.25,0.164019,0.024801,0.112257,0.112257,0.953786,0.867576,0.982333,0.934565,19.25
custom_0152,val_tune,16,zscore,0.25,0.25,0.0,0.5,0.164019,0.024801,0.112257,0.112257,0.953786,0.867576,0.982333,0.934565,19.25
custom_0176,val_tune,16,zscore,0.25,0.5,0.0,0.25,0.164019,0.024801,0.112257,0.112257,0.953786,0.867576,0.982333,0.934565,19.25
custom_0177,val_tune,16,zscore,0.25,0.5,0.0,0.5,0.164019,0.024801,0.112257,0.112257,0.953786,0.867576,0.982333,0.934565,19.25
custom_0301,val_tune,16,zscore,0.5,0.5,0.0,0.25,0.164019,0.024801,0.112257,0.112257,0.953786,0.867576,0.982333,0.934565,19.25
custom_0302,val_tune,16,zscore,0.5,0.5,0.0,0.5,0.164019,0.024801,0.112257,0.112257,0.953786,0.867576,0.982333,0.934565,19.25
custom_0303,val_tune,16,zscore,0.5,0.5,0.0,0.75,0.164019,0.024801,0.112257,0.112257,0.953786,0.867576,0.982333,0.934565,19.25
custom_0304,val_tune,16,zscore,0.5,0.5,0.0,1.0,0.164019,0.024801,0.112257,0.112257,0.953786,0.867576,0.982333,0.934565,19.25
custom_0325,val_tune,16,zscore,0.5,0.75,0.0,0.0,0.164019,0.024801,0.112257,0.112257,0.953786,0.867576,0.982333,0.934565,19.25
custom_0326,val_tune,16,zscore,0.5,0.75,0.0,0.25,0.164019,0.024801,0.112257,0.112257,0.953786,0.867576,0.982333,0.934565,19.25
custom_0327,val_tune,16,zscore,0.5,0.75,0.0,0.5,0.164019,0.024801,0.112257,0.112257,0.953786,0.867576,0.982333,0.934565,19.25
custom_0328,val_tune,16,zscore,0.5,0.75,0.0,0.75,0.164019,0.024801,0.112257,0.112257,0.953786,0.867576,0.982333,0.934565,19.25
custom_0329,val_tune,16,zscore,0.5,0.75,0.0,1.0,0.164019,0.024801,0.112257,0.112257,0.953786,0.867576,0.982333,0.934565,19.25
custom_0352,val_tune,16,zscore,0.5,1.0,0.0,0.5,0.164019,0.024801,0.112257,0.112257,0.953786,0.867576,0.982333,0.934565,19.25
custom_0353,val_tune,16,zscore,0.5,1.0,0.0,0.75,0.164019,0.024801,0.112257,0.112257,0.953786,0.867576,0.982333,0.934565,19.25
custom_0354,val_tune,16,zscore,0.5,1.0,0.0,1.0,0.164019,0.024801,0.112257,0.112257,0.953786,0.867576,0.982333,0.934565,19.25
custom_0452,val_tune,16,zscore,0.75,0.75,0.0,0.5,0.164019,0.024801,0.112257,0.112257,0.953786,0.867576,0.982333,0.934565,19.25
custom_0453,val_tune,16,zscore,0.75,0.75,0.0,0.75,0.164019,0.024801,0.112257,0.112257,0.953786,0.867576,0.982333,0.934565,19.25
custom_0454,val_tune,16,zscore,0.75,0.75,0.0,1.0,0.164019,0.024801,0.112257,0.112257,0.953786,0.867576,0.982333,0.934565,19.25
custom_0475,val_tune,16,zscore,0.75,1.0,0.0,0.0,0.164019,0.024801,0.112257,0.112257,0.953786,0.867576,0.982333,0.934565,19.25
custom_0476,val_tune,16,zscore,0.75,1.0,0.0,0.25,0.164019,0.024801,0.112257,0.112257,0.953786,0.867576,0.982333,0.934565,19.25
custom_0477,val_tune,16,zscore,0.75,1.0,0.0,0.5,0.164019,0.024801,0.112257,0.112257,0.953786,0.867576,0.982333,0.934565,19.25
custom_0478,val_tune,16,zscore,0.75,1.0,0.0,0.75,0.164019,0.024801,0.112257,0.112257,0.953786,0.867576,0.982333,0.934565,19.25
custom_0479,val_tune,16,zscore,0.75,1.0,0.0,1.0,0.164019,0.024801,0.112257,0.112257,0.953786,0.867576,0.982333,0.934565,19.25
custom_0602,val_tune,16,zscore,1.0,1.0,0.0,0.5,0.164019,0.024801,0.112257,0.112257,0.953786,0.867576,0.982333,0.934565,19.25
custom_0603,val_tune,16,zscore,1.0,1.0,0.0,0.75,0.164019,0.024801,0.112257,0.112257,0.953786,0.867576,0.982333,0.934565,19.25
custom_0604,val_tune,16,zscore,1.0,1.0,0.0,1.0,0.164019,0.024801,0.112257,0.112257,0.953786,0.867576,0.982333,0.934565,19.25
custom_0139,val_tune,4,zscore,0.25,0.0,0.5,1.0,0.159302,0.013336,0.098942,0.098942,0.895368,0.917402,0.977764,0.930178,17.5
custom_0143,val_tune,4,zscore,0.25,0.0,0.75,0.75,0.159302,0.013336,0.098942,0.098942,0.895368,0.917402,0.977764,0.930178,17.5
custom_0144,val_tune,4,zscore,0.25,0.0,0.75,1.0,0.159302,0.013336,0.098942,0.098942,0.895368,0.917402,0.977764,0.930178,17.5
custom_0147,val_tune,4,zscore,0.25,0.0,1.0,0.5,0.159302,0.013336,0.098942,0.098942,0.895368,0.917402,0.977764,0.930178,17.5
custom_0158,val_tune,4,zscore,0.25,0.25,0.25,0.75,0.159302,0.013336,0.098942,0.098942,0.895368,0.917402,0.977764,0.930178,17.5
custom_0159,val_tune,4,zscore,0.25,0.25,0.25,1.0,0.159302,0.013336,0.098942,0.098942,0.895368,0.917402,0.977764,0.930178,17.5
custom_0359,val_tune,4,zscore,0.5,1.0,0.25,1.0,0.16319,0.019288,0.109409,0.109409,0.914729,0.895908,0.978285,0.929641,18.25
custom_0165,val_tune,4,zscore,0.25,0.25,0.75,0.0,0.160039,0.019288,0.106257,0.106257,0.89714,0.91557,0.974639,0.929116,17.125
custom_0180,val_tune,4,zscore,0.25,0.5,0.25,0.0,0.160039,0.019288,0.106257,0.106257,0.89714,0.91557,0.974639,0.929116,17.125
custom_0337,val_tune,4,zscore,0.5,0.75,0.5,0.5,0.160039,0.019288,0.106257,0.106257,0.89714,0.91557,0.974639,0.929116,17.125
custom_0338,val_tune,4,zscore,0.5,0.75,0.5,0.75,0.160039,0.019288,0.106257,0.106257,0.89714,0.91557,0.974639,0.929116,17.125
custom_0340,val_tune,4,zscore,0.5,0.75,0.75,0.0,0.160039,0.019288,0.106257,0.106257,0.89714,0.91557,0.974639,0.929116,17.125
custom_0341,val_tune,4,zscore,0.5,0.75,0.75,0.25,0.160039,0.019288,0.106257,0.106257,0.89714,0.91557,0.974639,0.929116,17.125
custom_0345,val_tune,4,zscore,0.5,0.75,1.0,0.0,0.160039,0.019288,0.106257,0.106257,0.89714,0.91557,0.974639,0.929116,17.125
custom_0360,val_tune,4,zscore,0.5,1.0,0.5,0.0,0.160039,0.019288,0.106257,0.106257,0.89714,0.91557,0.974639,0.929116,17.125
custom_0498,val_tune,4,zscore,0.75,1.0,1.0,0.75,0.160039,0.019288,0.106257,0.106257,0.89714,0.91557,0.974639,0.929116,17.125
custom_0499,val_tune,4,zscore,0.75,1.0,1.0,1.0,0.160039,0.019288,0.106257,0.106257,0.89714,0.91557,0.974639,0.929116,17.125
custom_0129,val_tune,16,zscore,0.25,0.0,0.0,1.0,0.162966,0.013336,0.105374,0.105374,0.908843,0.882335,0.991708,0.927629,20.125
custom_0268,val_tune,8,zscore,0.5,0.0,0.75,0.75,0.155389,0.013167,0.095334,0.095334,0.888898,0.916308,0.974639,0.926615,16.625
custom_0269,val_tune,8,zscore,0.5,0.0,0.75,1.0,0.155389,0.013167,0.095334,0.095334,0.888898,0.916308,0.974639,0.926615,16.625
custom_0286,val_tune,8,zscore,0.5,0.25,0.5,0.25,0.155389,0.013167,0.095334,0.095334,0.888898,0.916308,0.974639,0.926615,16.625
custom_0287,val_tune,8,zscore,0.5,0.25,0.5,0.5,0.155389,0.013167,0.095334,0.095334,0.888898,0.916308,0.974639,0.926615,16.625
custom_0288,val_tune,8,zscore,0.5,0.25,0.5,0.75,0.155389,0.013167,0.095334,0.095334,0.888898,0.916308,0.974639,0.926615,16.625
custom_0289,val_tune,8,zscore,0.5,0.25,0.5,1.0,0.155389,0.013167,0.095334,0.095334,0.888898,0.916308,0.974639,0.926615,16.625
custom_0290,val_tune,8,zscore,0.5,0.25,0.75,0.0,0.155389,0.013167,0.095334,0.095334,0.888898,0.916308,0.974639,0.926615,16.625
custom_0291,val_tune,8,zscore,0.5,0.25,0.75,0.25,0.155389,0.013167,0.095334,0.095334,0.888898,0.916308,0.974639,0.926615,16.625
custom_0292,val_tune,8,zscore,0.5,0.25,0.75,0.5,0.155389,0.013167,0.095334,0.095334,0.888898,0.916308,0.974639,0.926615,16.625
custom_0305,val_tune,8,zscore,0.5,0.5,0.25,0.0,0.155389,0.013167,0.095334,0.095334,0.888898,0.916308,0.974639,0.926615,16.625
custom_0306,val_tune,8,zscore,0.5,0.5,0.25,0.25,0.155389,0.013167,0.095334,0.095334,0.888898,0.916308,0.974639,0.926615,16.625
custom_0307,val_tune,8,zscore,0.5,0.5,0.25,0.5,0.155389,0.013167,0.095334,0.095334,0.888898,0.916308,0.974639,0.926615,16.625
custom_0419,val_tune,8,zscore,0.75,0.25,0.75,1.0,0.155389,0.013167,0.095334,0.095334,0.888898,0.916308,0.974639,0.926615,16.625
custom_0420,val_tune,8,zscore,0.75,0.25,1.0,0.0,0.155389,0.013167,0.095334,0.095334,0.888898,0.916308,0.974639,0.926615,16.625
custom_0421,val_tune,8,zscore,0.75,0.25,1.0,0.25,0.155389,0.013167,0.095334,0.095334,0.888898,0.916308,0.974639,0.926615,16.625
custom_0422,val_tune,8,zscore,0.75,0.25,1.0,0.5,0.155389,0.013167,0.095334,0.095334,0.888898,0.916308,0.974639,0.926615,16.625
custom_0423,val_tune,8,zscore,0.75,0.25,1.0,0.75,0.155389,0.013167,0.095334,0.095334,0.888898,0.916308,0.974639,0.926615,16.625
custom_0424,val_tune,8,zscore,0.75,0.25,1.0,1.0,0.155389,0.013167,0.095334,0.095334,0.888898,0.916308,0.974639,0.926615,16.625
custom_0438,val_tune,8,zscore,0.75,0.5,0.5,0.75,0.155389,0.013167,0.095334,0.095334,0.888898,0.916308,0.974639,0.926615,16.625
custom_0439,val_tune,8,zscore,0.75,0.5,0.5,1.0,0.155389,0.013167,0.095334,0.095334,0.888898,0.916308,0.974639,0.926615,16.625
custom_0440,val_tune,8,zscore,0.75,0.5,0.75,0.0,0.155389,0.013167,0.095334,0.095334,0.888898,0.916308,0.974639,0.926615,16.625
custom_0441,val_tune,8,zscore,0.75,0.5,0.75,0.25,0.155389,0.013167,0.095334,0.095334,0.888898,0.916308,0.974639,0.926615,16.625
custom_0442,val_tune,8,zscore,0.75,0.5,0.75,0.5,0.155389,0.013167,0.095334,0.095334,0.888898,0.916308,0.974639,0.926615,16.625
custom_0443,val_tune,8,zscore,0.75,0.5,0.75,0.75,0.155389,0.013167,0.095334,0.095334,0.888898,0.916308,0.974639,0.926615,16.625
custom_0444,val_tune,8,zscore,0.75,0.5,0.75,1.0,0.155389,0.013167,0.095334,0.095334,0.888898,0.916308,0.974639,0.926615,16.625
custom_0445,val_tune,8,zscore,0.75,0.5,1.0,0.0,0.155389,0.013167,0.095334,0.095334,0.888898,0.916308,0.974639,0.926615,16.625
custom_0446,val_tune,8,zscore,0.75,0.5,1.0,0.25,0.155389,0.013167,0.095334,0.095334,0.888898,0.916308,0.974639,0.926615,16.625
custom_0447,val_tune,8,zscore,0.75,0.5,1.0,0.5,0.155389,0.013167,0.095334,0.095334,0.888898,0.916308,0.974639,0.926615,16.625
custom_0448,val_tune,8,zscore,0.75,0.5,1.0,0.75,0.155389,0.013167,0.095334,0.095334,0.888898,0.916308,0.974639,0.926615,16.625
custom_0460,val_tune,8,zscore,0.75,0.75,0.5,0.0,0.155389,0.013167,0.095334,0.095334,0.888898,0.916308,0.974639,0.926615,16.625
custom_0461,val_tune,8,zscore,0.75,0.75,0.5,0.25,0.155389,0.013167,0.095334,0.095334,0.888898,0.916308,0.974639,0.926615,16.625
custom_0572,val_tune,8,zscore,1.0,0.5,1.0,0.5,0.155389,0.013167,0.095334,0.095334,0.888898,0.916308,0.974639,0.926615,16.625
custom_0573,val_tune,8,zscore,1.0,0.5,1.0,0.75,0.155389,0.013167,0.095334,0.095334,0.888898,0.916308,0.974639,0.926615,16.625
custom_0574,val_tune,8,zscore,1.0,0.5,1.0,1.0,0.155389,0.013167,0.095334,0.095334,0.888898,0.916308,0.974639,0.926615,16.625
custom_0589,val_tune,8,zscore,1.0,0.75,0.5,1.0,0.155389,0.013167,0.095334,0.095334,0.888898,0.916308,0.974639,0.926615,16.625
custom_0590,val_tune,8,zscore,1.0,0.75,0.75,0.0,0.155389,0.013167,0.095334,0.095334,0.888898,0.916308,0.974639,0.926615,16.625
custom_0591,val_tune,8,zscore,1.0,0.75,0.75,0.25,0.155389,0.013167,0.095334,0.095334,0.888898,0.916308,0.974639,0.926615,16.625
custom_0592,val_tune,8,zscore,1.0,0.75,0.75,0.5,0.155389,0.013167,0.095334,0.095334,0.888898,0.916308,0.974639,0.926615,16.625
custom_0593,val_tune,8,zscore,1.0,0.75,0.75,0.75,0.155389,0.013167,0.095334,0.095334,0.888898,0.916308,0.974639,0.926615,16.625
custom_0594,val_tune,8,zscore,1.0,0.75,0.75,1.0,0.155389,0.013167,0.095334,0.095334,0.888898,0.916308,0.974639,0.926615,16.625
custom_0595,val_tune,8,zscore,1.0,0.75,1.0,0.0,0.155389,0.013167,0.095334,0.095334,0.888898,0.916308,0.974639,0.926615,16.625
custom_0596,val_tune,8,zscore,1.0,0.75,1.0,0.25,0.155389,0.013167,0.095334,0.095334,0.888898,0.916308,0.974639,0.926615,16.625
custom_0597,val_tune,8,zscore,1.0,0.75,1.0,0.5,0.155389,0.013167,0.095334,0.095334,0.888898,0.916308,0.974639,0.926615,16.625
custom_0598,val_tune,8,zscore,1.0,0.75,1.0,0.75,0.155389,0.013167,0.095334,0.095334,0.888898,0.916308,0.974639,0.926615,16.625
custom_0599,val_tune,8,zscore,1.0,0.75,1.0,1.0,0.155389,0.013167,0.095334,0.095334,0.888898,0.916308,0.974639,0.926615,16.625
custom_0610,val_tune,8,zscore,1.0,1.0,0.5,0.0,0.155389,0.013167,0.095334,0.095334,0.888898,0.916308,0.974639,0.926615,16.625
custom_0611,val_tune,8,zscore,1.0,1.0,0.5,0.25,0.155389,0.013167,0.095334,0.095334,0.888898,0.916308,0.974639,0.926615,16.625
custom_0612,val_tune,8,zscore,1.0,1.0,0.5,0.5,0.155389,0.013167,0.095334,0.095334,0.888898,0.916308,0.974639,0.926615,16.625
custom_0613,val_tune,8,zscore,1.0,1.0,0.5,0.75,0.155389,0.013167,0.095334,0.095334,0.888898,0.916308,0.974639,0.926615,16.625
custom_0614,val_tune,8,zscore,1.0,1.0,0.5,1.0,0.155389,0.013167,0.095334,0.095334,0.888898,0.916308,0.974639,0.926615,16.625
custom_0615,val_tune,8,zscore,1.0,1.0,0.75,0.0,0.155389,0.013167,0.095334,0.095334,0.888898,0.916308,0.974639,0.926615,16.625
custom_0616,val_tune,8,zscore,1.0,1.0,0.75,0.25,0.155389,0.013167,0.095334,0.095334,0.888898,0.916308,0.974639,0.926615,16.625
custom_0131,val_tune,16,zscore,0.25,0.0,0.25,0.25,0.155389,0.013167,0.095334,0.095334,0.888898,0.916308,0.974639,0.926615,16.625
custom_0262,val_tune,16,zscore,0.5,0.0,0.5,0.5,0.155389,0.013167,0.095334,0.095334,0.888898,0.916308,0.974639,0.926615,16.625
custom_0263,val_tune,16,zscore,0.5,0.0,0.5,0.75,0.155389,0.013167,0.095334,0.095334,0.888898,0.916308,0.974639,0.926615,16.625
custom_0280,val_tune,16,zscore,0.5,0.25,0.25,0.0,0.155389,0.013167,0.095334,0.095334,0.888898,0.916308,0.974639,0.926615,16.625
custom_0281,val_tune,16,zscore,0.5,0.25,0.25,0.25,0.155389,0.013167,0.095334,0.095334,0.888898,0.916308,0.974639,0.926615,16.625
custom_0282,val_tune,16,zscore,0.5,0.25,0.25,0.5,0.155389,0.013167,0.095334,0.095334,0.888898,0.916308,0.974639,0.926615,16.625
custom_0393,val_tune,16,zscore,0.75,0.0,0.75,0.75,0.155389,0.013167,0.095334,0.095334,0.888898,0.916308,0.974639,0.926615,16.625
custom_0394,val_tune,16,zscore,0.75,0.0,0.75,1.0,0.155389,0.013167,0.095334,0.095334,0.888898,0.916308,0.974639,0.926615,16.625
custom_0411,val_tune,16,zscore,0.75,0.25,0.5,0.25,0.155389,0.013167,0.095334,0.095334,0.888898,0.916308,0.974639,0.926615,16.625
custom_0412,val_tune,16,zscore,0.75,0.25,0.5,0.5,0.155389,0.013167,0.095334,0.095334,0.888898,0.916308,0.974639,0.926615,16.625
custom_0413,val_tune,16,zscore,0.75,0.25,0.5,0.75,0.155389,0.013167,0.095334,0.095334,0.888898,0.916308,0.974639,0.926615,16.625
custom_0414,val_tune,16,zscore,0.75,0.25,0.5,1.0,0.155389,0.013167,0.095334,0.095334,0.888898,0.916308,0.974639,0.926615,16.625
custom_0430,val_tune,16,zscore,0.75,0.5,0.25,0.0,0.155389,0.013167,0.095334,0.095334,0.888898,0.916308,0.974639,0.926615,16.625
custom_0431,val_tune,16,zscore,0.75,0.5,0.25,0.25,0.155389,0.013167,0.095334,0.095334,0.888898,0.916308,0.974639,0.926615,16.625
custom_0432,val_tune,16,zscore,0.75,0.5,0.25,0.5,0.155389,0.013167,0.095334,0.095334,0.888898,0.916308,0.974639,0.926615,16.625
custom_0524,val_tune,16,zscore,1.0,0.0,1.0,1.0,0.155389,0.013167,0.095334,0.095334,0.888898,0.916308,0.974639,0.926615,16.625
custom_0542,val_tune,16,zscore,1.0,0.25,0.75,0.5,0.155389,0.013167,0.095334,0.095334,0.888898,0.916308,0.974639,0.926615,16.625
custom_0543,val_tune,16,zscore,1.0,0.25,0.75,0.75,0.155389,0.013167,0.095334,0.095334,0.888898,0.916308,0.974639,0.926615,16.625
custom_0544,val_tune,16,zscore,1.0,0.25,0.75,1.0,0.155389,0.013167,0.095334,0.095334,0.888898,0.916308,0.974639,0.926615,16.625
custom_0545,val_tune,16,zscore,1.0,0.25,1.0,0.0,0.155389,0.013167,0.095334,0.095334,0.888898,0.916308,0.974639,0.926615,16.625
custom_0546,val_tune,16,zscore,1.0,0.25,1.0,0.25,0.155389,0.013167,0.095334,0.095334,0.888898,0.916308,0.974639,0.926615,16.625
custom_0547,val_tune,16,zscore,1.0,0.25,1.0,0.5,0.155389,0.013167,0.095334,0.095334,0.888898,0.916308,0.974639,0.926615,16.625
custom_0560,val_tune,16,zscore,1.0,0.5,0.5,0.0,0.155389,0.013167,0.095334,0.095334,0.888898,0.916308,0.974639,0.926615,16.625
custom_0561,val_tune,16,zscore,1.0,0.5,0.5,0.25,0.155389,0.013167,0.095334,0.095334,0.888898,0.916308,0.974639,0.926615,16.625
custom_0562,val_tune,16,zscore,1.0,0.5,0.5,0.5,0.155389,0.013167,0.095334,0.095334,0.888898,0.916308,0.974639,0.926615,16.625
custom_0563,val_tune,16,zscore,1.0,0.5,0.5,0.75,0.155389,0.013167,0.095334,0.095334,0.888898,0.916308,0.974639,0.926615,16.625
custom_0564,val_tune,16,zscore,1.0,0.5,0.5,1.0,0.155389,0.013167,0.095334,0.095334,0.888898,0.916308,0.974639,0.926615,16.625
custom_0565,val_tune,16,zscore,1.0,0.5,0.75,0.0,0.155389,0.013167,0.095334,0.095334,0.888898,0.916308,0.974639,0.926615,16.625
custom_0566,val_tune,16,zscore,1.0,0.5,0.75,0.25,0.155389,0.013167,0.095334,0.095334,0.888898,0.916308,0.974639,0.926615,16.625
custom_0567,val_tune,16,zscore,1.0,0.5,0.75,0.5,0.155389,0.013167,0.095334,0.095334,0.888898,0.916308,0.974639,0.926615,16.625
custom_0568,val_tune,16,zscore,1.0,0.5,0.75,0.75,0.155389,0.013167,0.095334,0.095334,0.888898,0.916308,0.974639,0.926615,16.625
custom_0480,val_tune,8,zscore,0.75,1.0,0.25,0.0,0.159276,0.019119,0.1058,0.1058,0.908259,0.894814,0.97516,0.926078,17.375
custom_0481,val_tune,8,zscore,0.75,1.0,0.25,0.25,0.159276,0.019119,0.1058,0.1058,0.908259,0.894814,0.97516,0.926078,17.375
custom_0582,val_tune,16,zscore,1.0,0.75,0.25,0.5,0.159276,0.019119,0.1058,0.1058,0.908259,0.894814,0.97516,0.926078,17.375
custom_0583,val_tune,16,zscore,1.0,0.75,0.25,0.75,0.159276,0.019119,0.1058,0.1058,0.908259,0.894814,0.97516,0.926078,17.375
custom_0475,val_tune,8,zscore,0.75,1.0,0.0,0.0,0.162012,0.019119,0.108536,0.108536,0.92503,0.873814,0.978848,0.925897,18.5
custom_0482,val_tune,8,zscore,0.75,1.0,0.25,0.5,0.162012,0.019119,0.108536,0.108536,0.92503,0.873814,0.978848,0.925897,18.5
logprob_plus_summac,val_tune,16,zscore,0.5,0.5,0.0,0.0,0.162012,0.019119,0.108536,0.108536,0.92503,0.873814,0.978848,0.925897,18.5
custom_0150,val_tune,16,zscore,0.25,0.25,0.0,0.0,0.162012,0.019119,0.108536,0.108536,0.92503,0.873814,0.978848,0.925897,18.5
custom_0300,val_tune,16,zscore,0.5,0.5,0.0,0.0,0.162012,0.019119,0.108536,0.108536,0.92503,0.873814,0.978848,0.925897,18.5
custom_0450,val_tune,16,zscore,0.75,0.75,0.0,0.0,0.162012,0.019119,0.108536,0.108536,0.92503,0.873814,0.978848,0.925897,18.5
custom_0600,val_tune,16,zscore,1.0,1.0,0.0,0.0,0.162012,0.019119,0.108536,0.108536,0.92503,0.873814,0.978848,0.925897,18.5
custom_0153,val_tune,8,zscore,0.25,0.25,0.0,0.75,0.162486,0.019119,0.108773,0.108773,0.931761,0.859643,0.980771,0.924058,18.375
custom_0154,val_tune,8,zscore,0.25,0.25,0.0,1.0,0.162486,0.019119,0.108773,0.108773,0.931761,0.859643,0.980771,0.924058,18.375
custom_0325,val_tune,8,zscore,0.5,0.75,0.0,0.0,0.162486,0.019119,0.108773,0.108773,0.931761,0.859643,0.980771,0.924058,18.375
custom_0476,val_tune,8,zscore,0.75,1.0,0.0,0.25,0.162486,0.019119,0.108773,0.108773,0.931761,0.859643,0.980771,0.924058,18.375
custom_0477,val_tune,8,zscore,0.75,1.0,0.0,0.5,0.162486,0.019119,0.108773,0.108773,0.931761,0.859643,0.980771,0.924058,18.375
custom_0478,val_tune,8,zscore,0.75,1.0,0.0,0.75,0.162486,0.019119,0.108773,0.108773,0.931761,0.859643,0.980771,0.924058,18.375
custom_0479,val_tune,8,zscore,0.75,1.0,0.0,1.0,0.162486,0.019119,0.108773,0.108773,0.931761,0.859643,0.980771,0.924058,18.375
custom_0451,val_tune,16,zscore,0.75,0.75,0.0,0.25,0.162486,0.019119,0.108773,0.108773,0.931761,0.859643,0.980771,0.924058,18.375
custom_0601,val_tune,16,zscore,1.0,1.0,0.0,0.25,0.162486,0.019119,0.108773,0.108773,0.931761,0.859643,0.980771,0.924058,18.375
summac_only,val_tune,4,zscore,0.0,1.0,0.0,0.0,0.162726,0.019288,0.105144,0.105144,0.931203,0.870198,0.963137,0.921512,19.5
custom_0025,val_tune,4,zscore,0.0,0.25,0.0,0.0,0.162726,0.019288,0.105144,0.105144,0.931203,0.870198,0.963137,0.921512,19.5
custom_0050,val_tune,4,zscore,0.0,0.5,0.0,0.0,0.162726,0.019288,0.105144,0.105144,0.931203,0.870198,0.963137,0.921512,19.5
custom_0075,val_tune,4,zscore,0.0,0.75,0.0,0.0,0.162726,0.019288,0.105144,0.105144,0.931203,0.870198,0.963137,0.921512,19.5
custom_0100,val_tune,4,zscore,0.0,1.0,0.0,0.0,0.162726,0.019288,0.105144,0.105144,0.931203,0.870198,0.963137,0.921512,19.5
logprob_plus_summac_plus_factcc,val_tune,4,zscore,0.34,0.33,0.33,0.0,0.156151,0.013336,0.095791,0.095791,0.875115,0.907636,0.973077,0.918609,16.5
logprob_plus_summac_plus_factcc_plus_entity_support,val_tune,4,zscore,0.25,0.25,0.25,0.25,0.156151,0.013336,0.095791,0.095791,0.875115,0.907636,0.973077,0.918609,16.5
custom_0131,val_tune,4,zscore,0.25,0.0,0.25,0.25,0.156151,0.013336,0.095791,0.095791,0.875115,0.907636,0.973077,0.918609,16.5
custom_0132,val_tune,4,zscore,0.25,0.0,0.25,0.5,0.156151,0.013336,0.095791,0.095791,0.875115,0.907636,0.973077,0.918609,16.5
custom_0133,val_tune,4,zscore,0.25,0.0,0.25,0.75,0.156151,0.013336,0.095791,0.095791,0.875115,0.907636,0.973077,0.918609,16.5
custom_0134,val_tune,4,zscore,0.25,0.0,0.25,1.0,0.156151,0.013336,0.095791,0.095791,0.875115,0.907636,0.973077,0.918609,16.5
custom_0135,val_tune,4,zscore,0.25,0.0,0.5,0.0,0.156151,0.013336,0.095791,0.095791,0.875115,0.907636,0.973077,0.918609,16.5
custom_0136,val_tune,4,zscore,0.25,0.0,0.5,0.25,0.156151,0.013336,0.095791,0.095791,0.875115,0.907636,0.973077,0.918609,16.5
custom_0137,val_tune,4,zscore,0.25,0.0,0.5,0.5,0.156151,0.013336,0.095791,0.095791,0.875115,0.907636,0.973077,0.918609,16.5
custom_0138,val_tune,4,zscore,0.25,0.0,0.5,0.75,0.156151,0.013336,0.095791,0.095791,0.875115,0.907636,0.973077,0.918609,16.5
custom_0140,val_tune,4,zscore,0.25,0.0,0.75,0.0,0.156151,0.013336,0.095791,0.095791,0.875115,0.907636,0.973077,0.918609,16.5
custom_0141,val_tune,4,zscore,0.25,0.0,0.75,0.25,0.156151,0.013336,0.095791,0.095791,0.875115,0.907636,0.973077,0.918609,16.5
custom_0142,val_tune,4,zscore,0.25,0.0,0.75,0.5,0.156151,0.013336,0.095791,0.095791,0.875115,0.907636,0.973077,0.918609,16.5
custom_0145,val_tune,4,zscore,0.25,0.0,1.0,0.0,0.156151,0.013336,0.095791,0.095791,0.875115,0.907636,0.973077,0.918609,16.5
custom_0146,val_tune,4,zscore,0.25,0.0,1.0,0.25,0.156151,0.013336,0.095791,0.095791,0.875115,0.907636,0.973077,0.918609,16.5
custom_0155,val_tune,4,zscore,0.25,0.25,0.25,0.0,0.156151,0.013336,0.095791,0.095791,0.875115,0.907636,0.973077,0.918609,16.5
custom_0156,val_tune,4,zscore,0.25,0.25,0.25,0.25,0.156151,0.013336,0.095791,0.095791,0.875115,0.907636,0.973077,0.918609,16.5
custom_0157,val_tune,4,zscore,0.25,0.25,0.25,0.5,0.156151,0.013336,0.095791,0.095791,0.875115,0.907636,0.973077,0.918609,16.5
custom_0160,val_tune,4,zscore,0.25,0.25,0.5,0.0,0.156151,0.013336,0.095791,0.095791,0.875115,0.907636,0.973077,0.918609,16.5
custom_0161,val_tune,4,zscore,0.25,0.25,0.5,0.25,0.156151,0.013336,0.095791,0.095791,0.875115,0.907636,0.973077,0.918609,16.5
custom_0262,val_tune,4,zscore,0.5,0.0,0.5,0.5,0.156151,0.013336,0.095791,0.095791,0.875115,0.907636,0.973077,0.918609,16.5
custom_0263,val_tune,4,zscore,0.5,0.0,0.5,0.75,0.156151,0.013336,0.095791,0.095791,0.875115,0.907636,0.973077,0.918609,16.5
custom_0264,val_tune,4,zscore,0.5,0.0,0.5,1.0,0.156151,0.013336,0.095791,0.095791,0.875115,0.907636,0.973077,0.918609,16.5
custom_0266,val_tune,4,zscore,0.5,0.0,0.75,0.25,0.156151,0.013336,0.095791,0.095791,0.875115,0.907636,0.973077,0.918609,16.5
custom_0267,val_tune,4,zscore,0.5,0.0,0.75,0.5,0.156151,0.013336,0.095791,0.095791,0.875115,0.907636,0.973077,0.918609,16.5
custom_0268,val_tune,4,zscore,0.5,0.0,0.75,0.75,0.156151,0.013336,0.095791,0.095791,0.875115,0.907636,0.973077,0.918609,16.5
custom_0269,val_tune,4,zscore,0.5,0.0,0.75,1.0,0.156151,0.013336,0.095791,0.095791,0.875115,0.907636,0.973077,0.918609,16.5
custom_0270,val_tune,4,zscore,0.5,0.0,1.0,0.0,0.156151,0.013336,0.095791,0.095791,0.875115,0.907636,0.973077,0.918609,16.5
custom_0271,val_tune,4,zscore,0.5,0.0,1.0,0.25,0.156151,0.013336,0.095791,0.095791,0.875115,0.907636,0.973077,0.918609,16.5
custom_0272,val_tune,4,zscore,0.5,0.0,1.0,0.5,0.156151,0.013336,0.095791,0.095791,0.875115,0.907636,0.973077,0.918609,16.5
custom_0273,val_tune,4,zscore,0.5,0.0,1.0,0.75,0.156151,0.013336,0.095791,0.095791,0.875115,0.907636,0.973077,0.918609,16.5
custom_0274,val_tune,4,zscore,0.5,0.0,1.0,1.0,0.156151,0.013336,0.095791,0.095791,0.875115,0.907636,0.973077,0.918609,16.5
custom_0285,val_tune,4,zscore,0.5,0.25,0.5,0.0,0.156151,0.013336,0.095791,0.095791,0.875115,0.907636,0.973077,0.918609,16.5
custom_0286,val_tune,4,zscore,0.5,0.25,0.5,0.25,0.156151,0.013336,0.095791,0.095791,0.875115,0.907636,0.973077,0.918609,16.5
custom_0287,val_tune,4,zscore,0.5,0.25,0.5,0.5,0.156151,0.013336,0.095791,0.095791,0.875115,0.907636,0.973077,0.918609,16.5
custom_0288,val_tune,4,zscore,0.5,0.25,0.5,0.75,0.156151,0.013336,0.095791,0.095791,0.875115,0.907636,0.973077,0.918609,16.5
custom_0289,val_tune,4,zscore,0.5,0.25,0.5,1.0,0.156151,0.013336,0.095791,0.095791,0.875115,0.907636,0.973077,0.918609,16.5
custom_0290,val_tune,4,zscore,0.5,0.25,0.75,0.0,0.156151,0.013336,0.095791,0.095791,0.875115,0.907636,0.973077,0.918609,16.5
custom_0291,val_tune,4,zscore,0.5,0.25,0.75,0.25,0.156151,0.013336,0.095791,0.095791,0.875115,0.907636,0.973077,0.918609,16.5
custom_0292,val_tune,4,zscore,0.5,0.25,0.75,0.5,0.156151,0.013336,0.095791,0.095791,0.875115,0.907636,0.973077,0.918609,16.5
custom_0293,val_tune,4,zscore,0.5,0.25,0.75,0.75,0.156151,0.013336,0.095791,0.095791,0.875115,0.907636,0.973077,0.918609,16.5
custom_0294,val_tune,4,zscore,0.5,0.25,0.75,1.0,0.156151,0.013336,0.095791,0.095791,0.875115,0.907636,0.973077,0.918609,16.5
custom_0295,val_tune,4,zscore,0.5,0.25,1.0,0.0,0.156151,0.013336,0.095791,0.095791,0.875115,0.907636,0.973077,0.918609,16.5
custom_0296,val_tune,4,zscore,0.5,0.25,1.0,0.25,0.156151,0.013336,0.095791,0.095791,0.875115,0.907636,0.973077,0.918609,16.5
custom_0297,val_tune,4,zscore,0.5,0.25,1.0,0.5,0.156151,0.013336,0.095791,0.095791,0.875115,0.907636,0.973077,0.918609,16.5
custom_0298,val_tune,4,zscore,0.5,0.25,1.0,0.75,0.156151,0.013336,0.095791,0.095791,0.875115,0.907636,0.973077,0.918609,16.5
custom_0299,val_tune,4,zscore,0.5,0.25,1.0,1.0,0.156151,0.013336,0.095791,0.095791,0.875115,0.907636,0.973077,0.918609,16.5
custom_0310,val_tune,4,zscore,0.5,0.5,0.5,0.0,0.156151,0.013336,0.095791,0.095791,0.875115,0.907636,0.973077,0.918609,16.5
custom_0311,val_tune,4,zscore,0.5,0.5,0.5,0.25,0.156151,0.013336,0.095791,0.095791,0.875115,0.907636,0.973077,0.918609,16.5
custom_0312,val_tune,4,zscore,0.5,0.5,0.5,0.5,0.156151,0.013336,0.095791,0.095791,0.875115,0.907636,0.973077,0.918609,16.5
custom_0313,val_tune,4,zscore,0.5,0.5,0.5,0.75,0.156151,0.013336,0.095791,0.095791,0.875115,0.907636,0.973077,0.918609,16.5
custom_0314,val_tune,4,zscore,0.5,0.5,0.5,1.0,0.156151,0.013336,0.095791,0.095791,0.875115,0.907636,0.973077,0.918609,16.5
custom_0315,val_tune,4,zscore,0.5,0.5,0.75,0.0,0.156151,0.013336,0.095791,0.095791,0.875115,0.907636,0.973077,0.918609,16.5
custom_0316,val_tune,4,zscore,0.5,0.5,0.75,0.25,0.156151,0.013336,0.095791,0.095791,0.875115,0.907636,0.973077,0.918609,16.5
custom_0317,val_tune,4,zscore,0.5,0.5,0.75,0.5,0.156151,0.013336,0.095791,0.095791,0.875115,0.907636,0.973077,0.918609,16.5
custom_0318,val_tune,4,zscore,0.5,0.5,0.75,0.75,0.156151,0.013336,0.095791,0.095791,0.875115,0.907636,0.973077,0.918609,16.5
custom_0319,val_tune,4,zscore,0.5,0.5,0.75,1.0,0.156151,0.013336,0.095791,0.095791,0.875115,0.907636,0.973077,0.918609,16.5
custom_0320,val_tune,4,zscore,0.5,0.5,1.0,0.0,0.156151,0.013336,0.095791,0.095791,0.875115,0.907636,0.973077,0.918609,16.5
custom_0321,val_tune,4,zscore,0.5,0.5,1.0,0.25,0.156151,0.013336,0.095791,0.095791,0.875115,0.907636,0.973077,0.918609,16.5
custom_0322,val_tune,4,zscore,0.5,0.5,1.0,0.5,0.156151,0.013336,0.095791,0.095791,0.875115,0.907636,0.973077,0.918609,16.5
custom_0335,val_tune,4,zscore,0.5,0.75,0.5,0.0,0.156151,0.013336,0.095791,0.095791,0.875115,0.907636,0.973077,0.918609,16.5
custom_0336,val_tune,4,zscore,0.5,0.75,0.5,0.25,0.156151,0.013336,0.095791,0.095791,0.875115,0.907636,0.973077,0.918609,16.5
custom_0392,val_tune,4,zscore,0.75,0.0,0.75,0.5,0.156151,0.013336,0.095791,0.095791,0.875115,0.907636,0.973077,0.918609,16.5
custom_0393,val_tune,4,zscore,0.75,0.0,0.75,0.75,0.156151,0.013336,0.095791,0.095791,0.875115,0.907636,0.973077,0.918609,16.5
custom_0394,val_tune,4,zscore,0.75,0.0,0.75,1.0,0.156151,0.013336,0.095791,0.095791,0.875115,0.907636,0.973077,0.918609,16.5
custom_0396,val_tune,4,zscore,0.75,0.0,1.0,0.25,0.156151,0.013336,0.095791,0.095791,0.875115,0.907636,0.973077,0.918609,16.5
custom_0397,val_tune,4,zscore,0.75,0.0,1.0,0.5,0.156151,0.013336,0.095791,0.095791,0.875115,0.907636,0.973077,0.918609,16.5
custom_0398,val_tune,4,zscore,0.75,0.0,1.0,0.75,0.156151,0.013336,0.095791,0.095791,0.875115,0.907636,0.973077,0.918609,16.5
custom_0399,val_tune,4,zscore,0.75,0.0,1.0,1.0,0.156151,0.013336,0.095791,0.095791,0.875115,0.907636,0.973077,0.918609,16.5
custom_0416,val_tune,4,zscore,0.75,0.25,0.75,0.25,0.156151,0.013336,0.095791,0.095791,0.875115,0.907636,0.973077,0.918609,16.5
custom_0417,val_tune,4,zscore,0.75,0.25,0.75,0.5,0.156151,0.013336,0.095791,0.095791,0.875115,0.907636,0.973077,0.918609,16.5
custom_0418,val_tune,4,zscore,0.75,0.25,0.75,0.75,0.156151,0.013336,0.095791,0.095791,0.875115,0.907636,0.973077,0.918609,16.5
custom_0419,val_tune,4,zscore,0.75,0.25,0.75,1.0,0.156151,0.013336,0.095791,0.095791,0.875115,0.907636,0.973077,0.918609,16.5
custom_0420,val_tune,4,zscore,0.75,0.25,1.0,0.0,0.156151,0.013336,0.095791,0.095791,0.875115,0.907636,0.973077,0.918609,16.5
custom_0421,val_tune,4,zscore,0.75,0.25,1.0,0.25,0.156151,0.013336,0.095791,0.095791,0.875115,0.907636,0.973077,0.918609,16.5
custom_0422,val_tune,4,zscore,0.75,0.25,1.0,0.5,0.156151,0.013336,0.095791,0.095791,0.875115,0.907636,0.973077,0.918609,16.5
custom_0423,val_tune,4,zscore,0.75,0.25,1.0,0.75,0.156151,0.013336,0.095791,0.095791,0.875115,0.907636,0.973077,0.918609,16.5
custom_0424,val_tune,4,zscore,0.75,0.25,1.0,1.0,0.156151,0.013336,0.095791,0.095791,0.875115,0.907636,0.973077,0.918609,16.5
custom_0440,val_tune,4,zscore,0.75,0.5,0.75,0.0,0.156151,0.013336,0.095791,0.095791,0.875115,0.907636,0.973077,0.918609,16.5
custom_0441,val_tune,4,zscore,0.75,0.5,0.75,0.25,0.156151,0.013336,0.095791,0.095791,0.875115,0.907636,0.973077,0.918609,16.5
custom_0442,val_tune,4,zscore,0.75,0.5,0.75,0.5,0.156151,0.013336,0.095791,0.095791,0.875115,0.907636,0.973077,0.918609,16.5
custom_0443,val_tune,4,zscore,0.75,0.5,0.75,0.75,0.156151,0.013336,0.095791,0.095791,0.875115,0.907636,0.973077,0.918609,16.5
custom_0444,val_tune,4,zscore,0.75,0.5,0.75,1.0,0.156151,0.013336,0.095791,0.095791,0.875115,0.907636,0.973077,0.918609,16.5
custom_0445,val_tune,4,zscore,0.75,0.5,1.0,0.0,0.156151,0.013336,0.095791,0.095791,0.875115,0.907636,0.973077,0.918609,16.5
custom_0446,val_tune,4,zscore,0.75,0.5,1.0,0.25,0.156151,0.013336,0.095791,0.095791,0.875115,0.907636,0.973077,0.918609,16.5
custom_0447,val_tune,4,zscore,0.75,0.5,1.0,0.5,0.156151,0.013336,0.095791,0.095791,0.875115,0.907636,0.973077,0.918609,16.5
custom_0448,val_tune,4,zscore,0.75,0.5,1.0,0.75,0.156151,0.013336,0.095791,0.095791,0.875115,0.907636,0.973077,0.918609,16.5
custom_0449,val_tune,4,zscore,0.75,0.5,1.0,1.0,0.156151,0.013336,0.095791,0.095791,0.875115,0.907636,0.973077,0.918609,16.5
custom_0464,val_tune,4,zscore,0.75,0.75,0.5,1.0,0.156151,0.013336,0.095791,0.095791,0.875115,0.907636,0.973077,0.918609,16.5
custom_0465,val_tune,4,zscore,0.75,0.75,0.75,0.0,0.156151,0.013336,0.095791,0.095791,0.875115,0.907636,0.973077,0.918609,16.5
custom_0466,val_tune,4,zscore,0.75,0.75,0.75,0.25,0.156151,0.013336,0.095791,0.095791,0.875115,0.907636,0.973077,0.918609,16.5
custom_0467,val_tune,4,zscore,0.75,0.75,0.75,0.5,0.156151,0.013336,0.095791,0.095791,0.875115,0.907636,0.973077,0.918609,16.5
custom_0468,val_tune,4,zscore,0.75,0.75,0.75,0.75,0.156151,0.013336,0.095791,0.095791,0.875115,0.907636,0.973077,0.918609,16.5
custom_0469,val_tune,4,zscore,0.75,0.75,0.75,1.0,0.156151,0.013336,0.095791,0.095791,0.875115,0.907636,0.973077,0.918609,16.5
custom_0470,val_tune,4,zscore,0.75,0.75,1.0,0.0,0.156151,0.013336,0.095791,0.095791,0.875115,0.907636,0.973077,0.918609,16.5
custom_0471,val_tune,4,zscore,0.75,0.75,1.0,0.25,0.156151,0.013336,0.095791,0.095791,0.875115,0.907636,0.973077,0.918609,16.5
custom_0472,val_tune,4,zscore,0.75,0.75,1.0,0.5,0.156151,0.013336,0.095791,0.095791,0.875115,0.907636,0.973077,0.918609,16.5
custom_0473,val_tune,4,zscore,0.75,0.75,1.0,0.75,0.156151,0.013336,0.095791,0.095791,0.875115,0.907636,0.973077,0.918609,16.5
custom_0474,val_tune,4,zscore,0.75,0.75,1.0,1.0,0.156151,0.013336,0.095791,0.095791,0.875115,0.907636,0.973077,0.918609,16.5
custom_0488,val_tune,4,zscore,0.75,1.0,0.5,0.75,0.156151,0.013336,0.095791,0.095791,0.875115,0.907636,0.973077,0.918609,16.5
custom_0489,val_tune,4,zscore,0.75,1.0,0.5,1.0,0.156151,0.013336,0.095791,0.095791,0.875115,0.907636,0.973077,0.918609,16.5
custom_0490,val_tune,4,zscore,0.75,1.0,0.75,0.0,0.156151,0.013336,0.095791,0.095791,0.875115,0.907636,0.973077,0.918609,16.5
custom_0491,val_tune,4,zscore,0.75,1.0,0.75,0.25,0.156151,0.013336,0.095791,0.095791,0.875115,0.907636,0.973077,0.918609,16.5
custom_0492,val_tune,4,zscore,0.75,1.0,0.75,0.5,0.156151,0.013336,0.095791,0.095791,0.875115,0.907636,0.973077,0.918609,16.5
custom_0493,val_tune,4,zscore,0.75,1.0,0.75,0.75,0.156151,0.013336,0.095791,0.095791,0.875115,0.907636,0.973077,0.918609,16.5
custom_0494,val_tune,4,zscore,0.75,1.0,0.75,1.0,0.156151,0.013336,0.095791,0.095791,0.875115,0.907636,0.973077,0.918609,16.5
custom_0495,val_tune,4,zscore,0.75,1.0,1.0,0.0,0.156151,0.013336,0.095791,0.095791,0.875115,0.907636,0.973077,0.918609,16.5
custom_0496,val_tune,4,zscore,0.75,1.0,1.0,0.25,0.156151,0.013336,0.095791,0.095791,0.875115,0.907636,0.973077,0.918609,16.5
custom_0497,val_tune,4,zscore,0.75,1.0,1.0,0.5,0.156151,0.013336,0.095791,0.095791,0.875115,0.907636,0.973077,0.918609,16.5
custom_0523,val_tune,4,zscore,1.0,0.0,1.0,0.75,0.156151,0.013336,0.095791,0.095791,0.875115,0.907636,0.973077,0.918609,16.5
custom_0524,val_tune,4,zscore,1.0,0.0,1.0,1.0,0.156151,0.013336,0.095791,0.095791,0.875115,0.907636,0.973077,0.918609,16.5
custom_0544,val_tune,4,zscore,1.0,0.25,0.75,1.0,0.156151,0.013336,0.095791,0.095791,0.875115,0.907636,0.973077,0.918609,16.5
custom_0546,val_tune,4,zscore,1.0,0.25,1.0,0.25,0.156151,0.013336,0.095791,0.095791,0.875115,0.907636,0.973077,0.918609,16.5
custom_0547,val_tune,4,zscore,1.0,0.25,1.0,0.5,0.156151,0.013336,0.095791,0.095791,0.875115,0.907636,0.973077,0.918609,16.5
custom_0548,val_tune,4,zscore,1.0,0.25,1.0,0.75,0.156151,0.013336,0.095791,0.095791,0.875115,0.907636,0.973077,0.918609,16.5
custom_0549,val_tune,4,zscore,1.0,0.25,1.0,1.0,0.156151,0.013336,0.095791,0.095791,0.875115,0.907636,0.973077,0.918609,16.5
custom_0568,val_tune,4,zscore,1.0,0.5,0.75,0.75,0.156151,0.013336,0.095791,0.095791,0.875115,0.907636,0.973077,0.918609,16.5
custom_0569,val_tune,4,zscore,1.0,0.5,0.75,1.0,0.156151,0.013336,0.095791,0.095791,0.875115,0.907636,0.973077,0.918609,16.5
custom_0570,val_tune,4,zscore,1.0,0.5,1.0,0.0,0.156151,0.013336,0.095791,0.095791,0.875115,0.907636,0.973077,0.918609,16.5
custom_0571,val_tune,4,zscore,1.0,0.5,1.0,0.25,0.156151,0.013336,0.095791,0.095791,0.875115,0.907636,0.973077,0.918609,16.5
custom_0572,val_tune,4,zscore,1.0,0.5,1.0,0.5,0.156151,0.013336,0.095791,0.095791,0.875115,0.907636,0.973077,0.918609,16.5
custom_0573,val_tune,4,zscore,1.0,0.5,1.0,0.75,0.156151,0.013336,0.095791,0.095791,0.875115,0.907636,0.973077,0.918609,16.5
custom_0574,val_tune,4,zscore,1.0,0.5,1.0,1.0,0.156151,0.013336,0.095791,0.095791,0.875115,0.907636,0.973077,0.918609,16.5
custom_0591,val_tune,4,zscore,1.0,0.75,0.75,0.25,0.156151,0.013336,0.095791,0.095791,0.875115,0.907636,0.973077,0.918609,16.5
custom_0592,val_tune,4,zscore,1.0,0.75,0.75,0.5,0.156151,0.013336,0.095791,0.095791,0.875115,0.907636,0.973077,0.918609,16.5
custom_0593,val_tune,4,zscore,1.0,0.75,0.75,0.75,0.156151,0.013336,0.095791,0.095791,0.875115,0.907636,0.973077,0.918609,16.5
custom_0594,val_tune,4,zscore,1.0,0.75,0.75,1.0,0.156151,0.013336,0.095791,0.095791,0.875115,0.907636,0.973077,0.918609,16.5
custom_0595,val_tune,4,zscore,1.0,0.75,1.0,0.0,0.156151,0.013336,0.095791,0.095791,0.875115,0.907636,0.973077,0.918609,16.5
custom_0596,val_tune,4,zscore,1.0,0.75,1.0,0.25,0.156151,0.013336,0.095791,0.095791,0.875115,0.907636,0.973077,0.918609,16.5
custom_0597,val_tune,4,zscore,1.0,0.75,1.0,0.5,0.156151,0.013336,0.095791,0.095791,0.875115,0.907636,0.973077,0.918609,16.5
custom_0598,val_tune,4,zscore,1.0,0.75,1.0,0.75,0.156151,0.013336,0.095791,0.095791,0.875115,0.907636,0.973077,0.918609,16.5
custom_0599,val_tune,4,zscore,1.0,0.75,1.0,1.0,0.156151,0.013336,0.095791,0.095791,0.875115,0.907636,0.973077,0.918609,16.5
custom_0615,val_tune,4,zscore,1.0,1.0,0.75,0.0,0.156151,0.013336,0.095791,0.095791,0.875115,0.907636,0.973077,0.918609,16.5
custom_0616,val_tune,4,zscore,1.0,1.0,0.75,0.25,0.156151,0.013336,0.095791,0.095791,0.875115,0.907636,0.973077,0.918609,16.5
custom_0617,val_tune,4,zscore,1.0,1.0,0.75,0.5,0.156151,0.013336,0.095791,0.095791,0.875115,0.907636,0.973077,0.918609,16.5
custom_0618,val_tune,4,zscore,1.0,1.0,0.75,0.75,0.156151,0.013336,0.095791,0.095791,0.875115,0.907636,0.973077,0.918609,16.5
custom_0619,val_tune,4,zscore,1.0,1.0,0.75,1.0,0.156151,0.013336,0.095791,0.095791,0.875115,0.907636,0.973077,0.918609,16.5
custom_0620,val_tune,4,zscore,1.0,1.0,1.0,0.0,0.156151,0.013336,0.095791,0.095791,0.875115,0.907636,0.973077,0.918609,16.5
custom_0621,val_tune,4,zscore,1.0,1.0,1.0,0.25,0.156151,0.013336,0.095791,0.095791,0.875115,0.907636,0.973077,0.918609,16.5
custom_0622,val_tune,4,zscore,1.0,1.0,1.0,0.5,0.156151,0.013336,0.095791,0.095791,0.875115,0.907636,0.973077,0.918609,16.5
custom_0623,val_tune,4,zscore,1.0,1.0,1.0,0.75,0.156151,0.013336,0.095791,0.095791,0.875115,0.907636,0.973077,0.918609,16.5
custom_0624,val_tune,4,zscore,1.0,1.0,1.0,1.0,0.156151,0.013336,0.095791,0.095791,0.875115,0.907636,0.973077,0.918609,16.5
custom_0131,val_tune,8,zscore,0.25,0.0,0.25,0.25,0.156151,0.013336,0.095791,0.095791,0.875115,0.907636,0.973077,0.918609,16.5
custom_0132,val_tune,8,zscore,0.25,0.0,0.25,0.5,0.156151,0.013336,0.095791,0.095791,0.875115,0.907636,0.973077,0.918609,16.5
custom_0133,val_tune,8,zscore,0.25,0.0,0.25,0.75,0.156151,0.013336,0.095791,0.095791,0.875115,0.907636,0.973077,0.918609,16.5
custom_0258,val_tune,8,zscore,0.5,0.0,0.25,0.75,0.156151,0.013336,0.095791,0.095791,0.875115,0.907636,0.973077,0.918609,16.5
custom_0259,val_tune,8,zscore,0.5,0.0,0.25,1.0,0.156151,0.013336,0.095791,0.095791,0.875115,0.907636,0.973077,0.918609,16.5
custom_0261,val_tune,8,zscore,0.5,0.0,0.5,0.25,0.156151,0.013336,0.095791,0.095791,0.875115,0.907636,0.973077,0.918609,16.5
custom_0262,val_tune,8,zscore,0.5,0.0,0.5,0.5,0.156151,0.013336,0.095791,0.095791,0.875115,0.907636,0.973077,0.918609,16.5
custom_0263,val_tune,8,zscore,0.5,0.0,0.5,0.75,0.156151,0.013336,0.095791,0.095791,0.875115,0.907636,0.973077,0.918609,16.5
custom_0264,val_tune,8,zscore,0.5,0.0,0.5,1.0,0.156151,0.013336,0.095791,0.095791,0.875115,0.907636,0.973077,0.918609,16.5
custom_0265,val_tune,8,zscore,0.5,0.0,0.75,0.0,0.156151,0.013336,0.095791,0.095791,0.875115,0.907636,0.973077,0.918609,16.5
custom_0266,val_tune,8,zscore,0.5,0.0,0.75,0.25,0.156151,0.013336,0.095791,0.095791,0.875115,0.907636,0.973077,0.918609,16.5
custom_0267,val_tune,8,zscore,0.5,0.0,0.75,0.5,0.156151,0.013336,0.095791,0.095791,0.875115,0.907636,0.973077,0.918609,16.5
custom_0282,val_tune,8,zscore,0.5,0.25,0.25,0.5,0.156151,0.013336,0.095791,0.095791,0.875115,0.907636,0.973077,0.918609,16.5
custom_0283,val_tune,8,zscore,0.5,0.25,0.25,0.75,0.156151,0.013336,0.095791,0.095791,0.875115,0.907636,0.973077,0.918609,16.5
custom_0284,val_tune,8,zscore,0.5,0.25,0.25,1.0,0.156151,0.013336,0.095791,0.095791,0.875115,0.907636,0.973077,0.918609,16.5
custom_0285,val_tune,8,zscore,0.5,0.25,0.5,0.0,0.156151,0.013336,0.095791,0.095791,0.875115,0.907636,0.973077,0.918609,16.5
custom_0387,val_tune,8,zscore,0.75,0.0,0.5,0.5,0.156151,0.013336,0.095791,0.095791,0.875115,0.907636,0.973077,0.918609,16.5
custom_0388,val_tune,8,zscore,0.75,0.0,0.5,0.75,0.156151,0.013336,0.095791,0.095791,0.875115,0.907636,0.973077,0.918609,16.5
custom_0389,val_tune,8,zscore,0.75,0.0,0.5,1.0,0.156151,0.013336,0.095791,0.095791,0.875115,0.907636,0.973077,0.918609,16.5
custom_0391,val_tune,8,zscore,0.75,0.0,0.75,0.25,0.156151,0.013336,0.095791,0.095791,0.875115,0.907636,0.973077,0.918609,16.5
custom_0392,val_tune,8,zscore,0.75,0.0,0.75,0.5,0.156151,0.013336,0.095791,0.095791,0.875115,0.907636,0.973077,0.918609,16.5
custom_0393,val_tune,8,zscore,0.75,0.0,0.75,0.75,0.156151,0.013336,0.095791,0.095791,0.875115,0.907636,0.973077,0.918609,16.5
custom_0394,val_tune,8,zscore,0.75,0.0,0.75,1.0,0.156151,0.013336,0.095791,0.095791,0.875115,0.907636,0.973077,0.918609,16.5
custom_0395,val_tune,8,zscore,0.75,0.0,1.0,0.0,0.156151,0.013336,0.095791,0.095791,0.875115,0.907636,0.973077,0.918609,16.5
custom_0396,val_tune,8,zscore,0.75,0.0,1.0,0.25,0.156151,0.013336,0.095791,0.095791,0.875115,0.907636,0.973077,0.918609,16.5
custom_0397,val_tune,8,zscore,0.75,0.0,1.0,0.5,0.156151,0.013336,0.095791,0.095791,0.875115,0.907636,0.973077,0.918609,16.5
custom_0398,val_tune,8,zscore,0.75,0.0,1.0,0.75,0.156151,0.013336,0.095791,0.095791,0.875115,0.907636,0.973077,0.918609,16.5
custom_0399,val_tune,8,zscore,0.75,0.0,1.0,1.0,0.156151,0.013336,0.095791,0.095791,0.875115,0.907636,0.973077,0.918609,16.5
custom_0410,val_tune,8,zscore,0.75,0.25,0.5,0.0,0.156151,0.013336,0.095791,0.095791,0.875115,0.907636,0.973077,0.918609,16.5
custom_0411,val_tune,8,zscore,0.75,0.25,0.5,0.25,0.156151,0.013336,0.095791,0.095791,0.875115,0.907636,0.973077,0.918609,16.5
custom_0412,val_tune,8,zscore,0.75,0.25,0.5,0.5,0.156151,0.013336,0.095791,0.095791,0.875115,0.907636,0.973077,0.918609,16.5
custom_0413,val_tune,8,zscore,0.75,0.25,0.5,0.75,0.156151,0.013336,0.095791,0.095791,0.875115,0.907636,0.973077,0.918609,16.5
custom_0414,val_tune,8,zscore,0.75,0.25,0.5,1.0,0.156151,0.013336,0.095791,0.095791,0.875115,0.907636,0.973077,0.918609,16.5
custom_0415,val_tune,8,zscore,0.75,0.25,0.75,0.0,0.156151,0.013336,0.095791,0.095791,0.875115,0.907636,0.973077,0.918609,16.5
custom_0416,val_tune,8,zscore,0.75,0.25,0.75,0.25,0.156151,0.013336,0.095791,0.095791,0.875115,0.907636,0.973077,0.918609,16.5
custom_0417,val_tune,8,zscore,0.75,0.25,0.75,0.5,0.156151,0.013336,0.095791,0.095791,0.875115,0.907636,0.973077,0.918609,16.5
custom_0418,val_tune,8,zscore,0.75,0.25,0.75,0.75,0.156151,0.013336,0.095791,0.095791,0.875115,0.907636,0.973077,0.918609,16.5
custom_0435,val_tune,8,zscore,0.75,0.5,0.5,0.0,0.156151,0.013336,0.095791,0.095791,0.875115,0.907636,0.973077,0.918609,16.5
custom_0436,val_tune,8,zscore,0.75,0.5,0.5,0.25,0.156151,0.013336,0.095791,0.095791,0.875115,0.907636,0.973077,0.918609,16.5
custom_0437,val_tune,8,zscore,0.75,0.5,0.5,0.5,0.156151,0.013336,0.095791,0.095791,0.875115,0.907636,0.973077,0.918609,16.5
custom_0517,val_tune,8,zscore,1.0,0.0,0.75,0.5,0.156151,0.013336,0.095791,0.095791,0.875115,0.907636,0.973077,0.918609,16.5
custom_0518,val_tune,8,zscore,1.0,0.0,0.75,0.75,0.156151,0.013336,0.095791,0.095791,0.875115,0.907636,0.973077,0.918609,16.5
custom_0519,val_tune,8,zscore,1.0,0.0,0.75,1.0,0.156151,0.013336,0.095791,0.095791,0.875115,0.907636,0.973077,0.918609,16.5
custom_0521,val_tune,8,zscore,1.0,0.0,1.0,0.25,0.156151,0.013336,0.095791,0.095791,0.875115,0.907636,0.973077,0.918609,16.5
custom_0522,val_tune,8,zscore,1.0,0.0,1.0,0.5,0.156151,0.013336,0.095791,0.095791,0.875115,0.907636,0.973077,0.918609,16.5
custom_0523,val_tune,8,zscore,1.0,0.0,1.0,0.75,0.156151,0.013336,0.095791,0.095791,0.875115,0.907636,0.973077,0.918609,16.5
custom_0524,val_tune,8,zscore,1.0,0.0,1.0,1.0,0.156151,0.013336,0.095791,0.095791,0.875115,0.907636,0.973077,0.918609,16.5
custom_0539,val_tune,8,zscore,1.0,0.25,0.5,1.0,0.156151,0.013336,0.095791,0.095791,0.875115,0.907636,0.973077,0.918609,16.5
custom_0541,val_tune,8,zscore,1.0,0.25,0.75,0.25,0.156151,0.013336,0.095791,0.095791,0.875115,0.907636,0.973077,0.918609,16.5
custom_0542,val_tune,8,zscore,1.0,0.25,0.75,0.5,0.156151,0.013336,0.095791,0.095791,0.875115,0.907636,0.973077,0.918609,16.5
custom_0543,val_tune,8,zscore,1.0,0.25,0.75,0.75,0.156151,0.013336,0.095791,0.095791,0.875115,0.907636,0.973077,0.918609,16.5
custom_0544,val_tune,8,zscore,1.0,0.25,0.75,1.0,0.156151,0.013336,0.095791,0.095791,0.875115,0.907636,0.973077,0.918609,16.5
custom_0545,val_tune,8,zscore,1.0,0.25,1.0,0.0,0.156151,0.013336,0.095791,0.095791,0.875115,0.907636,0.973077,0.918609,16.5
custom_0546,val_tune,8,zscore,1.0,0.25,1.0,0.25,0.156151,0.013336,0.095791,0.095791,0.875115,0.907636,0.973077,0.918609,16.5
custom_0547,val_tune,8,zscore,1.0,0.25,1.0,0.5,0.156151,0.013336,0.095791,0.095791,0.875115,0.907636,0.973077,0.918609,16.5
custom_0548,val_tune,8,zscore,1.0,0.25,1.0,0.75,0.156151,0.013336,0.095791,0.095791,0.875115,0.907636,0.973077,0.918609,16.5
custom_0549,val_tune,8,zscore,1.0,0.25,1.0,1.0,0.156151,0.013336,0.095791,0.095791,0.875115,0.907636,0.973077,0.918609,16.5
custom_0563,val_tune,8,zscore,1.0,0.5,0.5,0.75,0.156151,0.013336,0.095791,0.095791,0.875115,0.907636,0.973077,0.918609,16.5
custom_0564,val_tune,8,zscore,1.0,0.5,0.5,1.0,0.156151,0.013336,0.095791,0.095791,0.875115,0.907636,0.973077,0.918609,16.5
custom_0565,val_tune,8,zscore,1.0,0.5,0.75,0.0,0.156151,0.013336,0.095791,0.095791,0.875115,0.907636,0.973077,0.918609,16.5
custom_0566,val_tune,8,zscore,1.0,0.5,0.75,0.25,0.156151,0.013336,0.095791,0.095791,0.875115,0.907636,0.973077,0.918609,16.5
custom_0567,val_tune,8,zscore,1.0,0.5,0.75,0.5,0.156151,0.013336,0.095791,0.095791,0.875115,0.907636,0.973077,0.918609,16.5
custom_0568,val_tune,8,zscore,1.0,0.5,0.75,0.75,0.156151,0.013336,0.095791,0.095791,0.875115,0.907636,0.973077,0.918609,16.5
custom_0569,val_tune,8,zscore,1.0,0.5,0.75,1.0,0.156151,0.013336,0.095791,0.095791,0.875115,0.907636,0.973077,0.918609,16.5
custom_0570,val_tune,8,zscore,1.0,0.5,1.0,0.0,0.156151,0.013336,0.095791,0.095791,0.875115,0.907636,0.973077,0.918609,16.5
custom_0571,val_tune,8,zscore,1.0,0.5,1.0,0.25,0.156151,0.013336,0.095791,0.095791,0.875115,0.907636,0.973077,0.918609,16.5
custom_0586,val_tune,8,zscore,1.0,0.75,0.5,0.25,0.156151,0.013336,0.095791,0.095791,0.875115,0.907636,0.973077,0.918609,16.5
custom_0587,val_tune,8,zscore,1.0,0.75,0.5,0.5,0.156151,0.013336,0.095791,0.095791,0.875115,0.907636,0.973077,0.918609,16.5
custom_0588,val_tune,8,zscore,1.0,0.75,0.5,0.75,0.156151,0.013336,0.095791,0.095791,0.875115,0.907636,0.973077,0.918609,16.5
logprob_plus_factcc,val_tune,16,zscore,0.5,0.0,0.5,0.0,0.156151,0.013336,0.095791,0.095791,0.875115,0.907636,0.973077,0.918609,16.5
custom_0130,val_tune,16,zscore,0.25,0.0,0.25,0.0,0.156151,0.013336,0.095791,0.095791,0.875115,0.907636,0.973077,0.918609,16.5
custom_0256,val_tune,16,zscore,0.5,0.0,0.25,0.25,0.156151,0.013336,0.095791,0.095791,0.875115,0.907636,0.973077,0.918609,16.5
custom_0257,val_tune,16,zscore,0.5,0.0,0.25,0.5,0.156151,0.013336,0.095791,0.095791,0.875115,0.907636,0.973077,0.918609,16.5
custom_0258,val_tune,16,zscore,0.5,0.0,0.25,0.75,0.156151,0.013336,0.095791,0.095791,0.875115,0.907636,0.973077,0.918609,16.5
custom_0259,val_tune,16,zscore,0.5,0.0,0.25,1.0,0.156151,0.013336,0.095791,0.095791,0.875115,0.907636,0.973077,0.918609,16.5
custom_0260,val_tune,16,zscore,0.5,0.0,0.5,0.0,0.156151,0.013336,0.095791,0.095791,0.875115,0.907636,0.973077,0.918609,16.5
custom_0261,val_tune,16,zscore,0.5,0.0,0.5,0.25,0.156151,0.013336,0.095791,0.095791,0.875115,0.907636,0.973077,0.918609,16.5
custom_0383,val_tune,16,zscore,0.75,0.0,0.25,0.75,0.156151,0.013336,0.095791,0.095791,0.875115,0.907636,0.973077,0.918609,16.5
custom_0384,val_tune,16,zscore,0.75,0.0,0.25,1.0,0.156151,0.013336,0.095791,0.095791,0.875115,0.907636,0.973077,0.918609,16.5
custom_0386,val_tune,16,zscore,0.75,0.0,0.5,0.25,0.156151,0.013336,0.095791,0.095791,0.875115,0.907636,0.973077,0.918609,16.5
custom_0387,val_tune,16,zscore,0.75,0.0,0.5,0.5,0.156151,0.013336,0.095791,0.095791,0.875115,0.907636,0.973077,0.918609,16.5
custom_0388,val_tune,16,zscore,0.75,0.0,0.5,0.75,0.156151,0.013336,0.095791,0.095791,0.875115,0.907636,0.973077,0.918609,16.5
custom_0389,val_tune,16,zscore,0.75,0.0,0.5,1.0,0.156151,0.013336,0.095791,0.095791,0.875115,0.907636,0.973077,0.918609,16.5
custom_0390,val_tune,16,zscore,0.75,0.0,0.75,0.0,0.156151,0.013336,0.095791,0.095791,0.875115,0.907636,0.973077,0.918609,16.5
custom_0391,val_tune,16,zscore,0.75,0.0,0.75,0.25,0.156151,0.013336,0.095791,0.095791,0.875115,0.907636,0.973077,0.918609,16.5
custom_0392,val_tune,16,zscore,0.75,0.0,0.75,0.5,0.156151,0.013336,0.095791,0.095791,0.875115,0.907636,0.973077,0.918609,16.5
custom_0407,val_tune,16,zscore,0.75,0.25,0.25,0.5,0.156151,0.013336,0.095791,0.095791,0.875115,0.907636,0.973077,0.918609,16.5
custom_0408,val_tune,16,zscore,0.75,0.25,0.25,0.75,0.156151,0.013336,0.095791,0.095791,0.875115,0.907636,0.973077,0.918609,16.5
custom_0409,val_tune,16,zscore,0.75,0.25,0.25,1.0,0.156151,0.013336,0.095791,0.095791,0.875115,0.907636,0.973077,0.918609,16.5
custom_0410,val_tune,16,zscore,0.75,0.25,0.5,0.0,0.156151,0.013336,0.095791,0.095791,0.875115,0.907636,0.973077,0.918609,16.5
custom_0511,val_tune,16,zscore,1.0,0.0,0.5,0.25,0.156151,0.013336,0.095791,0.095791,0.875115,0.907636,0.973077,0.918609,16.5
custom_0512,val_tune,16,zscore,1.0,0.0,0.5,0.5,0.156151,0.013336,0.095791,0.095791,0.875115,0.907636,0.973077,0.918609,16.5
custom_0513,val_tune,16,zscore,1.0,0.0,0.5,0.75,0.156151,0.013336,0.095791,0.095791,0.875115,0.907636,0.973077,0.918609,16.5
custom_0514,val_tune,16,zscore,1.0,0.0,0.5,1.0,0.156151,0.013336,0.095791,0.095791,0.875115,0.907636,0.973077,0.918609,16.5
custom_0515,val_tune,16,zscore,1.0,0.0,0.75,0.0,0.156151,0.013336,0.095791,0.095791,0.875115,0.907636,0.973077,0.918609,16.5
custom_0516,val_tune,16,zscore,1.0,0.0,0.75,0.25,0.156151,0.013336,0.095791,0.095791,0.875115,0.907636,0.973077,0.918609,16.5
custom_0517,val_tune,16,zscore,1.0,0.0,0.75,0.5,0.156151,0.013336,0.095791,0.095791,0.875115,0.907636,0.973077,0.918609,16.5
custom_0518,val_tune,16,zscore,1.0,0.0,0.75,0.75,0.156151,0.013336,0.095791,0.095791,0.875115,0.907636,0.973077,0.918609,16.5
custom_0519,val_tune,16,zscore,1.0,0.0,0.75,1.0,0.156151,0.013336,0.095791,0.095791,0.875115,0.907636,0.973077,0.918609,16.5
custom_0520,val_tune,16,zscore,1.0,0.0,1.0,0.0,0.156151,0.013336,0.095791,0.095791,0.875115,0.907636,0.973077,0.918609,16.5
custom_0521,val_tune,16,zscore,1.0,0.0,1.0,0.25,0.156151,0.013336,0.095791,0.095791,0.875115,0.907636,0.973077,0.918609,16.5
custom_0522,val_tune,16,zscore,1.0,0.0,1.0,0.5,0.156151,0.013336,0.095791,0.095791,0.875115,0.907636,0.973077,0.918609,16.5
custom_0523,val_tune,16,zscore,1.0,0.0,1.0,0.75,0.156151,0.013336,0.095791,0.095791,0.875115,0.907636,0.973077,0.918609,16.5
custom_0535,val_tune,16,zscore,1.0,0.25,0.5,0.0,0.156151,0.013336,0.095791,0.095791,0.875115,0.907636,0.973077,0.918609,16.5
custom_0536,val_tune,16,zscore,1.0,0.25,0.5,0.25,0.156151,0.013336,0.095791,0.095791,0.875115,0.907636,0.973077,0.918609,16.5
custom_0537,val_tune,16,zscore,1.0,0.25,0.5,0.5,0.156151,0.013336,0.095791,0.095791,0.875115,0.907636,0.973077,0.918609,16.5
custom_0538,val_tune,16,zscore,1.0,0.25,0.5,0.75,0.156151,0.013336,0.095791,0.095791,0.875115,0.907636,0.973077,0.918609,16.5
custom_0539,val_tune,16,zscore,1.0,0.25,0.5,1.0,0.156151,0.013336,0.095791,0.095791,0.875115,0.907636,0.973077,0.918609,16.5
custom_0540,val_tune,16,zscore,1.0,0.25,0.75,0.0,0.156151,0.013336,0.095791,0.095791,0.875115,0.907636,0.973077,0.918609,16.5
custom_0541,val_tune,16,zscore,1.0,0.25,0.75,0.25,0.156151,0.013336,0.095791,0.095791,0.875115,0.907636,0.973077,0.918609,16.5
custom_0355,val_tune,4,zscore,0.5,1.0,0.25,0.0,0.160039,0.019288,0.106257,0.106257,0.894475,0.886143,0.973598,0.918072,17.25
custom_0356,val_tune,4,zscore,0.5,1.0,0.25,0.25,0.160039,0.019288,0.106257,0.106257,0.894475,0.886143,0.973598,0.918072,17.25
custom_0175,val_tune,4,zscore,0.25,0.5,0.0,0.0,0.162775,0.019288,0.108993,0.108993,0.911246,0.865142,0.977285,0.917891,18.375
custom_0350,val_tune,4,zscore,0.5,1.0,0.0,0.0,0.162775,0.019288,0.108993,0.108993,0.911246,0.865142,0.977285,0.917891,18.375
custom_0357,val_tune,4,zscore,0.5,1.0,0.25,0.5,0.162775,0.019288,0.108993,0.108993,0.911246,0.865142,0.977285,0.917891,18.375
custom_0358,val_tune,4,zscore,0.5,1.0,0.25,0.75,0.162775,0.019288,0.108993,0.108993,0.911246,0.865142,0.977285,0.917891,18.375
custom_0176,val_tune,4,zscore,0.25,0.5,0.0,0.25,0.163248,0.019288,0.10923,0.10923,0.917977,0.850971,0.979208,0.916052,18.25
custom_0177,val_tune,4,zscore,0.25,0.5,0.0,0.5,0.163248,0.019288,0.10923,0.10923,0.917977,0.850971,0.979208,0.916052,18.25
custom_0178,val_tune,4,zscore,0.25,0.5,0.0,0.75,0.163248,0.019288,0.10923,0.10923,0.917977,0.850971,0.979208,0.916052,18.25
custom_0179,val_tune,4,zscore,0.25,0.5,0.0,1.0,0.163248,0.019288,0.10923,0.10923,0.917977,0.850971,0.979208,0.916052,18.25
custom_0200,val_tune,4,zscore,0.25,0.75,0.0,0.0,0.163248,0.019288,0.10923,0.10923,0.917977,0.850971,0.979208,0.916052,18.25
custom_0201,val_tune,4,zscore,0.25,0.75,0.0,0.25,0.163248,0.019288,0.10923,0.10923,0.917977,0.850971,0.979208,0.916052,18.25
custom_0202,val_tune,4,zscore,0.25,0.75,0.0,0.5,0.163248,0.019288,0.10923,0.10923,0.917977,0.850971,0.979208,0.916052,18.25
custom_0203,val_tune,4,zscore,0.25,0.75,0.0,0.75,0.163248,0.019288,0.10923,0.10923,0.917977,0.850971,0.979208,0.916052,18.25
custom_0204,val_tune,4,zscore,0.25,0.75,0.0,1.0,0.163248,0.019288,0.10923,0.10923,0.917977,0.850971,0.979208,0.916052,18.25
custom_0225,val_tune,4,zscore,0.25,1.0,0.0,0.0,0.163248,0.019288,0.10923,0.10923,0.917977,0.850971,0.979208,0.916052,18.25
custom_0226,val_tune,4,zscore,0.25,1.0,0.0,0.25,0.163248,0.019288,0.10923,0.10923,0.917977,0.850971,0.979208,0.916052,18.25
custom_0227,val_tune,4,zscore,0.25,1.0,0.0,0.5,0.163248,0.019288,0.10923,0.10923,0.917977,0.850971,0.979208,0.916052,18.25
custom_0228,val_tune,4,zscore,0.25,1.0,0.0,0.75,0.163248,0.019288,0.10923,0.10923,0.917977,0.850971,0.979208,0.916052,18.25
custom_0229,val_tune,4,zscore,0.25,1.0,0.0,1.0,0.163248,0.019288,0.10923,0.10923,0.917977,0.850971,0.979208,0.916052,18.25
custom_0351,val_tune,4,zscore,0.5,1.0,0.0,0.25,0.163248,0.019288,0.10923,0.10923,0.917977,0.850971,0.979208,0.916052,18.25
custom_0352,val_tune,4,zscore,0.5,1.0,0.0,0.5,0.163248,0.019288,0.10923,0.10923,0.917977,0.850971,0.979208,0.916052,18.25
custom_0353,val_tune,4,zscore,0.5,1.0,0.0,0.75,0.163248,0.019288,0.10923,0.10923,0.917977,0.850971,0.979208,0.916052,18.25
custom_0354,val_tune,4,zscore,0.5,1.0,0.0,1.0,0.163248,0.019288,0.10923,0.10923,0.917977,0.850971,0.979208,0.916052,18.25
custom_0456,val_tune,8,zscore,0.75,0.75,0.25,0.25,0.155389,0.013167,0.095334,0.095334,0.886234,0.886881,0.973598,0.915571,16.75
custom_0457,val_tune,8,zscore,0.75,0.75,0.25,0.5,0.155389,0.013167,0.095334,0.095334,0.886234,0.886881,0.973598,0.915571,16.75
custom_0458,val_tune,8,zscore,0.75,0.75,0.25,0.75,0.155389,0.013167,0.095334,0.095334,0.886234,0.886881,0.973598,0.915571,16.75
custom_0459,val_tune,8,zscore,0.75,0.75,0.25,1.0,0.155389,0.013167,0.095334,0.095334,0.886234,0.886881,0.973598,0.915571,16.75
custom_0607,val_tune,8,zscore,1.0,1.0,0.25,0.5,0.155389,0.013167,0.095334,0.095334,0.886234,0.886881,0.973598,0.915571,16.75
custom_0608,val_tune,8,zscore,1.0,1.0,0.25,0.75,0.155389,0.013167,0.095334,0.095334,0.886234,0.886881,0.973598,0.915571,16.75
custom_0609,val_tune,8,zscore,1.0,1.0,0.25,1.0,0.155389,0.013167,0.095334,0.095334,0.886234,0.886881,0.973598,0.915571,16.75
custom_0559,val_tune,16,zscore,1.0,0.5,0.25,1.0,0.155389,0.013167,0.095334,0.095334,0.886234,0.886881,0.973598,0.915571,16.75
custom_0580,val_tune,16,zscore,1.0,0.75,0.25,0.0,0.155389,0.013167,0.095334,0.095334,0.886234,0.886881,0.973598,0.915571,16.75
custom_0581,val_tune,16,zscore,1.0,0.75,0.25,0.25,0.155389,0.013167,0.095334,0.095334,0.886234,0.886881,0.973598,0.915571,16.75
custom_0152,val_tune,8,zscore,0.25,0.25,0.0,0.5,0.158598,0.013167,0.098306,0.098306,0.909736,0.85171,0.979208,0.913551,17.75
custom_0303,val_tune,8,zscore,0.5,0.5,0.0,0.75,0.158598,0.013167,0.098306,0.098306,0.909736,0.85171,0.979208,0.913551,17.75
custom_0304,val_tune,8,zscore,0.5,0.5,0.0,1.0,0.158598,0.013167,0.098306,0.098306,0.909736,0.85171,0.979208,0.913551,17.75
custom_0279,val_tune,16,zscore,0.5,0.25,0.0,1.0,0.158598,0.013167,0.098306,0.098306,0.909736,0.85171,0.979208,0.913551,17.75
custom_0429,val_tune,16,zscore,0.75,0.5,0.0,1.0,0.158598,0.013167,0.098306,0.098306,0.909736,0.85171,0.979208,0.913551,17.75
custom_0578,val_tune,16,zscore,1.0,0.75,0.0,0.75,0.158598,0.013167,0.098306,0.098306,0.909736,0.85171,0.979208,0.913551,17.75
custom_0579,val_tune,16,zscore,1.0,0.75,0.0,1.0,0.158598,0.013167,0.098306,0.098306,0.909736,0.85171,0.979208,0.913551,17.75
logprob_plus_summac,val_tune,4,zscore,0.5,0.5,0.0,0.0,0.156151,0.013336,0.095791,0.095791,0.87245,0.878209,0.972035,0.907565,16.625
custom_0126,val_tune,4,zscore,0.25,0.0,0.0,0.25,0.156151,0.013336,0.095791,0.095791,0.87245,0.878209,0.972035,0.907565,16.625
custom_0127,val_tune,4,zscore,0.25,0.0,0.0,0.5,0.156151,0.013336,0.095791,0.095791,0.87245,0.878209,0.972035,0.907565,16.625
custom_0128,val_tune,4,zscore,0.25,0.0,0.0,0.75,0.156151,0.013336,0.095791,0.095791,0.87245,0.878209,0.972035,0.907565,16.625
custom_0129,val_tune,4,zscore,0.25,0.0,0.0,1.0,0.156151,0.013336,0.095791,0.095791,0.87245,0.878209,0.972035,0.907565,16.625
custom_0150,val_tune,4,zscore,0.25,0.25,0.0,0.0,0.156151,0.013336,0.095791,0.095791,0.87245,0.878209,0.972035,0.907565,16.625
custom_0151,val_tune,4,zscore,0.25,0.25,0.0,0.25,0.156151,0.013336,0.095791,0.095791,0.87245,0.878209,0.972035,0.907565,16.625
custom_0252,val_tune,4,zscore,0.5,0.0,0.0,0.5,0.156151,0.013336,0.095791,0.095791,0.87245,0.878209,0.972035,0.907565,16.625
custom_0253,val_tune,4,zscore,0.5,0.0,0.0,0.75,0.156151,0.013336,0.095791,0.095791,0.87245,0.878209,0.972035,0.907565,16.625
custom_0254,val_tune,4,zscore,0.5,0.0,0.0,1.0,0.156151,0.013336,0.095791,0.095791,0.87245,0.878209,0.972035,0.907565,16.625
custom_0257,val_tune,4,zscore,0.5,0.0,0.25,0.5,0.156151,0.013336,0.095791,0.095791,0.87245,0.878209,0.972035,0.907565,16.625
custom_0258,val_tune,4,zscore,0.5,0.0,0.25,0.75,0.156151,0.013336,0.095791,0.095791,0.87245,0.878209,0.972035,0.907565,16.625
custom_0259,val_tune,4,zscore,0.5,0.0,0.25,1.0,0.156151,0.013336,0.095791,0.095791,0.87245,0.878209,0.972035,0.907565,16.625
custom_0276,val_tune,4,zscore,0.5,0.25,0.0,0.25,0.156151,0.013336,0.095791,0.095791,0.87245,0.878209,0.972035,0.907565,16.625
custom_0277,val_tune,4,zscore,0.5,0.25,0.0,0.5,0.156151,0.013336,0.095791,0.095791,0.87245,0.878209,0.972035,0.907565,16.625
custom_0278,val_tune,4,zscore,0.5,0.25,0.0,0.75,0.156151,0.013336,0.095791,0.095791,0.87245,0.878209,0.972035,0.907565,16.625
custom_0279,val_tune,4,zscore,0.5,0.25,0.0,1.0,0.156151,0.013336,0.095791,0.095791,0.87245,0.878209,0.972035,0.907565,16.625
custom_0281,val_tune,4,zscore,0.5,0.25,0.25,0.25,0.156151,0.013336,0.095791,0.095791,0.87245,0.878209,0.972035,0.907565,16.625
custom_0282,val_tune,4,zscore,0.5,0.25,0.25,0.5,0.156151,0.013336,0.095791,0.095791,0.87245,0.878209,0.972035,0.907565,16.625
custom_0283,val_tune,4,zscore,0.5,0.25,0.25,0.75,0.156151,0.013336,0.095791,0.095791,0.87245,0.878209,0.972035,0.907565,16.625
custom_0284,val_tune,4,zscore,0.5,0.25,0.25,1.0,0.156151,0.013336,0.095791,0.095791,0.87245,0.878209,0.972035,0.907565,16.625
custom_0300,val_tune,4,zscore,0.5,0.5,0.0,0.0,0.156151,0.013336,0.095791,0.095791,0.87245,0.878209,0.972035,0.907565,16.625
custom_0301,val_tune,4,zscore,0.5,0.5,0.0,0.25,0.156151,0.013336,0.095791,0.095791,0.87245,0.878209,0.972035,0.907565,16.625
custom_0302,val_tune,4,zscore,0.5,0.5,0.0,0.5,0.156151,0.013336,0.095791,0.095791,0.87245,0.878209,0.972035,0.907565,16.625
custom_0303,val_tune,4,zscore,0.5,0.5,0.0,0.75,0.156151,0.013336,0.095791,0.095791,0.87245,0.878209,0.972035,0.907565,16.625
custom_0305,val_tune,4,zscore,0.5,0.5,0.25,0.0,0.156151,0.013336,0.095791,0.095791,0.87245,0.878209,0.972035,0.907565,16.625
custom_0306,val_tune,4,zscore,0.5,0.5,0.25,0.25,0.156151,0.013336,0.095791,0.095791,0.87245,0.878209,0.972035,0.907565,16.625
custom_0307,val_tune,4,zscore,0.5,0.5,0.25,0.5,0.156151,0.013336,0.095791,0.095791,0.87245,0.878209,0.972035,0.907565,16.625
custom_0308,val_tune,4,zscore,0.5,0.5,0.25,0.75,0.156151,0.013336,0.095791,0.095791,0.87245,0.878209,0.972035,0.907565,16.625
custom_0309,val_tune,4,zscore,0.5,0.5,0.25,1.0,0.156151,0.013336,0.095791,0.095791,0.87245,0.878209,0.972035,0.907565,16.625
custom_0325,val_tune,4,zscore,0.5,0.75,0.0,0.0,0.156151,0.013336,0.095791,0.095791,0.87245,0.878209,0.972035,0.907565,16.625
custom_0330,val_tune,4,zscore,0.5,0.75,0.25,0.0,0.156151,0.013336,0.095791,0.095791,0.87245,0.878209,0.972035,0.907565,16.625
custom_0331,val_tune,4,zscore,0.5,0.75,0.25,0.25,0.156151,0.013336,0.095791,0.095791,0.87245,0.878209,0.972035,0.907565,16.625
custom_0332,val_tune,4,zscore,0.5,0.75,0.25,0.5,0.156151,0.013336,0.095791,0.095791,0.87245,0.878209,0.972035,0.907565,16.625
custom_0333,val_tune,4,zscore,0.5,0.75,0.25,0.75,0.156151,0.013336,0.095791,0.095791,0.87245,0.878209,0.972035,0.907565,16.625
custom_0334,val_tune,4,zscore,0.5,0.75,0.25,1.0,0.156151,0.013336,0.095791,0.095791,0.87245,0.878209,0.972035,0.907565,16.625
custom_0378,val_tune,4,zscore,0.75,0.0,0.0,0.75,0.156151,0.013336,0.095791,0.095791,0.87245,0.878209,0.972035,0.907565,16.625
custom_0379,val_tune,4,zscore,0.75,0.0,0.0,1.0,0.156151,0.013336,0.095791,0.095791,0.87245,0.878209,0.972035,0.907565,16.625
custom_0383,val_tune,4,zscore,0.75,0.0,0.25,0.75,0.156151,0.013336,0.095791,0.095791,0.87245,0.878209,0.972035,0.907565,16.625
custom_0384,val_tune,4,zscore,0.75,0.0,0.25,1.0,0.156151,0.013336,0.095791,0.095791,0.87245,0.878209,0.972035,0.907565,16.625
custom_0388,val_tune,4,zscore,0.75,0.0,0.5,0.75,0.156151,0.013336,0.095791,0.095791,0.87245,0.878209,0.972035,0.907565,16.625
custom_0389,val_tune,4,zscore,0.75,0.0,0.5,1.0,0.156151,0.013336,0.095791,0.095791,0.87245,0.878209,0.972035,0.907565,16.625
custom_0401,val_tune,4,zscore,0.75,0.25,0.0,0.25,0.156151,0.013336,0.095791,0.095791,0.87245,0.878209,0.972035,0.907565,16.625
custom_0402,val_tune,4,zscore,0.75,0.25,0.0,0.5,0.156151,0.013336,0.095791,0.095791,0.87245,0.878209,0.972035,0.907565,16.625
custom_0403,val_tune,4,zscore,0.75,0.25,0.0,0.75,0.156151,0.013336,0.095791,0.095791,0.87245,0.878209,0.972035,0.907565,16.625
custom_0404,val_tune,4,zscore,0.75,0.25,0.0,1.0,0.156151,0.013336,0.095791,0.095791,0.87245,0.878209,0.972035,0.907565,16.625
custom_0407,val_tune,4,zscore,0.75,0.25,0.25,0.5,0.156151,0.013336,0.095791,0.095791,0.87245,0.878209,0.972035,0.907565,16.625
custom_0408,val_tune,4,zscore,0.75,0.25,0.25,0.75,0.156151,0.013336,0.095791,0.095791,0.87245,0.878209,0.972035,0.907565,16.625
custom_0409,val_tune,4,zscore,0.75,0.25,0.25,1.0,0.156151,0.013336,0.095791,0.095791,0.87245,0.878209,0.972035,0.907565,16.625
custom_0412,val_tune,4,zscore,0.75,0.25,0.5,0.5,0.156151,0.013336,0.095791,0.095791,0.87245,0.878209,0.972035,0.907565,16.625
custom_0413,val_tune,4,zscore,0.75,0.25,0.5,0.75,0.156151,0.013336,0.095791,0.095791,0.87245,0.878209,0.972035,0.907565,16.625
custom_0414,val_tune,4,zscore,0.75,0.25,0.5,1.0,0.156151,0.013336,0.095791,0.095791,0.87245,0.878209,0.972035,0.907565,16.625
custom_0425,val_tune,4,zscore,0.75,0.5,0.0,0.0,0.156151,0.013336,0.095791,0.095791,0.87245,0.878209,0.972035,0.907565,16.625
custom_0426,val_tune,4,zscore,0.75,0.5,0.0,0.25,0.156151,0.013336,0.095791,0.095791,0.87245,0.878209,0.972035,0.907565,16.625
custom_0427,val_tune,4,zscore,0.75,0.5,0.0,0.5,0.156151,0.013336,0.095791,0.095791,0.87245,0.878209,0.972035,0.907565,16.625
custom_0428,val_tune,4,zscore,0.75,0.5,0.0,0.75,0.156151,0.013336,0.095791,0.095791,0.87245,0.878209,0.972035,0.907565,16.625
custom_0429,val_tune,4,zscore,0.75,0.5,0.0,1.0,0.156151,0.013336,0.095791,0.095791,0.87245,0.878209,0.972035,0.907565,16.625
custom_0430,val_tune,4,zscore,0.75,0.5,0.25,0.0,0.156151,0.013336,0.095791,0.095791,0.87245,0.878209,0.972035,0.907565,16.625
custom_0431,val_tune,4,zscore,0.75,0.5,0.25,0.25,0.156151,0.013336,0.095791,0.095791,0.87245,0.878209,0.972035,0.907565,16.625
custom_0432,val_tune,4,zscore,0.75,0.5,0.25,0.5,0.156151,0.013336,0.095791,0.095791,0.87245,0.878209,0.972035,0.907565,16.625
custom_0433,val_tune,4,zscore,0.75,0.5,0.25,0.75,0.156151,0.013336,0.095791,0.095791,0.87245,0.878209,0.972035,0.907565,16.625
custom_0434,val_tune,4,zscore,0.75,0.5,0.25,1.0,0.156151,0.013336,0.095791,0.095791,0.87245,0.878209,0.972035,0.907565,16.625
custom_0435,val_tune,4,zscore,0.75,0.5,0.5,0.0,0.156151,0.013336,0.095791,0.095791,0.87245,0.878209,0.972035,0.907565,16.625
custom_0436,val_tune,4,zscore,0.75,0.5,0.5,0.25,0.156151,0.013336,0.095791,0.095791,0.87245,0.878209,0.972035,0.907565,16.625
custom_0437,val_tune,4,zscore,0.75,0.5,0.5,0.5,0.156151,0.013336,0.095791,0.095791,0.87245,0.878209,0.972035,0.907565,16.625
custom_0438,val_tune,4,zscore,0.75,0.5,0.5,0.75,0.156151,0.013336,0.095791,0.095791,0.87245,0.878209,0.972035,0.907565,16.625
custom_0439,val_tune,4,zscore,0.75,0.5,0.5,1.0,0.156151,0.013336,0.095791,0.095791,0.87245,0.878209,0.972035,0.907565,16.625
custom_0450,val_tune,4,zscore,0.75,0.75,0.0,0.0,0.156151,0.013336,0.095791,0.095791,0.87245,0.878209,0.972035,0.907565,16.625
custom_0451,val_tune,4,zscore,0.75,0.75,0.0,0.25,0.156151,0.013336,0.095791,0.095791,0.87245,0.878209,0.972035,0.907565,16.625
custom_0452,val_tune,4,zscore,0.75,0.75,0.0,0.5,0.156151,0.013336,0.095791,0.095791,0.87245,0.878209,0.972035,0.907565,16.625
custom_0453,val_tune,4,zscore,0.75,0.75,0.0,0.75,0.156151,0.013336,0.095791,0.095791,0.87245,0.878209,0.972035,0.907565,16.625
custom_0454,val_tune,4,zscore,0.75,0.75,0.0,1.0,0.156151,0.013336,0.095791,0.095791,0.87245,0.878209,0.972035,0.907565,16.625
custom_0455,val_tune,4,zscore,0.75,0.75,0.25,0.0,0.156151,0.013336,0.095791,0.095791,0.87245,0.878209,0.972035,0.907565,16.625
custom_0456,val_tune,4,zscore,0.75,0.75,0.25,0.25,0.156151,0.013336,0.095791,0.095791,0.87245,0.878209,0.972035,0.907565,16.625
custom_0457,val_tune,4,zscore,0.75,0.75,0.25,0.5,0.156151,0.013336,0.095791,0.095791,0.87245,0.878209,0.972035,0.907565,16.625
custom_0458,val_tune,4,zscore,0.75,0.75,0.25,0.75,0.156151,0.013336,0.095791,0.095791,0.87245,0.878209,0.972035,0.907565,16.625
custom_0459,val_tune,4,zscore,0.75,0.75,0.25,1.0,0.156151,0.013336,0.095791,0.095791,0.87245,0.878209,0.972035,0.907565,16.625
custom_0460,val_tune,4,zscore,0.75,0.75,0.5,0.0,0.156151,0.013336,0.095791,0.095791,0.87245,0.878209,0.972035,0.907565,16.625
custom_0461,val_tune,4,zscore,0.75,0.75,0.5,0.25,0.156151,0.013336,0.095791,0.095791,0.87245,0.878209,0.972035,0.907565,16.625
custom_0462,val_tune,4,zscore,0.75,0.75,0.5,0.5,0.156151,0.013336,0.095791,0.095791,0.87245,0.878209,0.972035,0.907565,16.625
custom_0463,val_tune,4,zscore,0.75,0.75,0.5,0.75,0.156151,0.013336,0.095791,0.095791,0.87245,0.878209,0.972035,0.907565,16.625
custom_0475,val_tune,4,zscore,0.75,1.0,0.0,0.0,0.156151,0.013336,0.095791,0.095791,0.87245,0.878209,0.972035,0.907565,16.625
custom_0476,val_tune,4,zscore,0.75,1.0,0.0,0.25,0.156151,0.013336,0.095791,0.095791,0.87245,0.878209,0.972035,0.907565,16.625
custom_0477,val_tune,4,zscore,0.75,1.0,0.0,0.5,0.156151,0.013336,0.095791,0.095791,0.87245,0.878209,0.972035,0.907565,16.625
custom_0480,val_tune,4,zscore,0.75,1.0,0.25,0.0,0.156151,0.013336,0.095791,0.095791,0.87245,0.878209,0.972035,0.907565,16.625
custom_0481,val_tune,4,zscore,0.75,1.0,0.25,0.25,0.156151,0.013336,0.095791,0.095791,0.87245,0.878209,0.972035,0.907565,16.625
custom_0482,val_tune,4,zscore,0.75,1.0,0.25,0.5,0.156151,0.013336,0.095791,0.095791,0.87245,0.878209,0.972035,0.907565,16.625
custom_0483,val_tune,4,zscore,0.75,1.0,0.25,0.75,0.156151,0.013336,0.095791,0.095791,0.87245,0.878209,0.972035,0.907565,16.625
custom_0484,val_tune,4,zscore,0.75,1.0,0.25,1.0,0.156151,0.013336,0.095791,0.095791,0.87245,0.878209,0.972035,0.907565,16.625
custom_0485,val_tune,4,zscore,0.75,1.0,0.5,0.0,0.156151,0.013336,0.095791,0.095791,0.87245,0.878209,0.972035,0.907565,16.625
custom_0486,val_tune,4,zscore,0.75,1.0,0.5,0.25,0.156151,0.013336,0.095791,0.095791,0.87245,0.878209,0.972035,0.907565,16.625
custom_0487,val_tune,4,zscore,0.75,1.0,0.5,0.5,0.156151,0.013336,0.095791,0.095791,0.87245,0.878209,0.972035,0.907565,16.625
custom_0503,val_tune,4,zscore,1.0,0.0,0.0,0.75,0.156151,0.013336,0.095791,0.095791,0.87245,0.878209,0.972035,0.907565,16.625
custom_0504,val_tune,4,zscore,1.0,0.0,0.0,1.0,0.156151,0.013336,0.095791,0.095791,0.87245,0.878209,0.972035,0.907565,16.625
custom_0508,val_tune,4,zscore,1.0,0.0,0.25,0.75,0.156151,0.013336,0.095791,0.095791,0.87245,0.878209,0.972035,0.907565,16.625
custom_0509,val_tune,4,zscore,1.0,0.0,0.25,1.0,0.156151,0.013336,0.095791,0.095791,0.87245,0.878209,0.972035,0.907565,16.625
custom_0513,val_tune,4,zscore,1.0,0.0,0.5,0.75,0.156151,0.013336,0.095791,0.095791,0.87245,0.878209,0.972035,0.907565,16.625
custom_0514,val_tune,4,zscore,1.0,0.0,0.5,1.0,0.156151,0.013336,0.095791,0.095791,0.87245,0.878209,0.972035,0.907565,16.625
custom_0518,val_tune,4,zscore,1.0,0.0,0.75,0.75,0.156151,0.013336,0.095791,0.095791,0.87245,0.878209,0.972035,0.907565,16.625
custom_0519,val_tune,4,zscore,1.0,0.0,0.75,1.0,0.156151,0.013336,0.095791,0.095791,0.87245,0.878209,0.972035,0.907565,16.625
custom_0527,val_tune,4,zscore,1.0,0.25,0.0,0.5,0.156151,0.013336,0.095791,0.095791,0.87245,0.878209,0.972035,0.907565,16.625
custom_0528,val_tune,4,zscore,1.0,0.25,0.0,0.75,0.156151,0.013336,0.095791,0.095791,0.87245,0.878209,0.972035,0.907565,16.625
custom_0529,val_tune,4,zscore,1.0,0.25,0.0,1.0,0.156151,0.013336,0.095791,0.095791,0.87245,0.878209,0.972035,0.907565,16.625
custom_0532,val_tune,4,zscore,1.0,0.25,0.25,0.5,0.156151,0.013336,0.095791,0.095791,0.87245,0.878209,0.972035,0.907565,16.625
custom_0533,val_tune,4,zscore,1.0,0.25,0.25,0.75,0.156151,0.013336,0.095791,0.095791,0.87245,0.878209,0.972035,0.907565,16.625
custom_0534,val_tune,4,zscore,1.0,0.25,0.25,1.0,0.156151,0.013336,0.095791,0.095791,0.87245,0.878209,0.972035,0.907565,16.625
custom_0537,val_tune,4,zscore,1.0,0.25,0.5,0.5,0.156151,0.013336,0.095791,0.095791,0.87245,0.878209,0.972035,0.907565,16.625
custom_0538,val_tune,4,zscore,1.0,0.25,0.5,0.75,0.156151,0.013336,0.095791,0.095791,0.87245,0.878209,0.972035,0.907565,16.625
custom_0539,val_tune,4,zscore,1.0,0.25,0.5,1.0,0.156151,0.013336,0.095791,0.095791,0.87245,0.878209,0.972035,0.907565,16.625
custom_0542,val_tune,4,zscore,1.0,0.25,0.75,0.5,0.156151,0.013336,0.095791,0.095791,0.87245,0.878209,0.972035,0.907565,16.625
custom_0543,val_tune,4,zscore,1.0,0.25,0.75,0.75,0.156151,0.013336,0.095791,0.095791,0.87245,0.878209,0.972035,0.907565,16.625
custom_0551,val_tune,4,zscore,1.0,0.5,0.0,0.25,0.156151,0.013336,0.095791,0.095791,0.87245,0.878209,0.972035,0.907565,16.625
custom_0552,val_tune,4,zscore,1.0,0.5,0.0,0.5,0.156151,0.013336,0.095791,0.095791,0.87245,0.878209,0.972035,0.907565,16.625
custom_0553,val_tune,4,zscore,1.0,0.5,0.0,0.75,0.156151,0.013336,0.095791,0.095791,0.87245,0.878209,0.972035,0.907565,16.625
custom_0554,val_tune,4,zscore,1.0,0.5,0.0,1.0,0.156151,0.013336,0.095791,0.095791,0.87245,0.878209,0.972035,0.907565,16.625
custom_0556,val_tune,4,zscore,1.0,0.5,0.25,0.25,0.156151,0.013336,0.095791,0.095791,0.87245,0.878209,0.972035,0.907565,16.625
custom_0557,val_tune,4,zscore,1.0,0.5,0.25,0.5,0.156151,0.013336,0.095791,0.095791,0.87245,0.878209,0.972035,0.907565,16.625
custom_0558,val_tune,4,zscore,1.0,0.5,0.25,0.75,0.156151,0.013336,0.095791,0.095791,0.87245,0.878209,0.972035,0.907565,16.625
custom_0559,val_tune,4,zscore,1.0,0.5,0.25,1.0,0.156151,0.013336,0.095791,0.095791,0.87245,0.878209,0.972035,0.907565,16.625
custom_0561,val_tune,4,zscore,1.0,0.5,0.5,0.25,0.156151,0.013336,0.095791,0.095791,0.87245,0.878209,0.972035,0.907565,16.625
custom_0562,val_tune,4,zscore,1.0,0.5,0.5,0.5,0.156151,0.013336,0.095791,0.095791,0.87245,0.878209,0.972035,0.907565,16.625
custom_0563,val_tune,4,zscore,1.0,0.5,0.5,0.75,0.156151,0.013336,0.095791,0.095791,0.87245,0.878209,0.972035,0.907565,16.625
custom_0564,val_tune,4,zscore,1.0,0.5,0.5,1.0,0.156151,0.013336,0.095791,0.095791,0.87245,0.878209,0.972035,0.907565,16.625
custom_0566,val_tune,4,zscore,1.0,0.5,0.75,0.25,0.156151,0.013336,0.095791,0.095791,0.87245,0.878209,0.972035,0.907565,16.625
custom_0567,val_tune,4,zscore,1.0,0.5,0.75,0.5,0.156151,0.013336,0.095791,0.095791,0.87245,0.878209,0.972035,0.907565,16.625
custom_0575,val_tune,4,zscore,1.0,0.75,0.0,0.0,0.156151,0.013336,0.095791,0.095791,0.87245,0.878209,0.972035,0.907565,16.625
custom_0576,val_tune,4,zscore,1.0,0.75,0.0,0.25,0.156151,0.013336,0.095791,0.095791,0.87245,0.878209,0.972035,0.907565,16.625
custom_0577,val_tune,4,zscore,1.0,0.75,0.0,0.5,0.156151,0.013336,0.095791,0.095791,0.87245,0.878209,0.972035,0.907565,16.625
custom_0578,val_tune,4,zscore,1.0,0.75,0.0,0.75,0.156151,0.013336,0.095791,0.095791,0.87245,0.878209,0.972035,0.907565,16.625
custom_0579,val_tune,4,zscore,1.0,0.75,0.0,1.0,0.156151,0.013336,0.095791,0.095791,0.87245,0.878209,0.972035,0.907565,16.625
custom_0580,val_tune,4,zscore,1.0,0.75,0.25,0.0,0.156151,0.013336,0.095791,0.095791,0.87245,0.878209,0.972035,0.907565,16.625
custom_0581,val_tune,4,zscore,1.0,0.75,0.25,0.25,0.156151,0.013336,0.095791,0.095791,0.87245,0.878209,0.972035,0.907565,16.625
custom_0582,val_tune,4,zscore,1.0,0.75,0.25,0.5,0.156151,0.013336,0.095791,0.095791,0.87245,0.878209,0.972035,0.907565,16.625
custom_0583,val_tune,4,zscore,1.0,0.75,0.25,0.75,0.156151,0.013336,0.095791,0.095791,0.87245,0.878209,0.972035,0.907565,16.625
custom_0584,val_tune,4,zscore,1.0,0.75,0.25,1.0,0.156151,0.013336,0.095791,0.095791,0.87245,0.878209,0.972035,0.907565,16.625
custom_0585,val_tune,4,zscore,1.0,0.75,0.5,0.0,0.156151,0.013336,0.095791,0.095791,0.87245,0.878209,0.972035,0.907565,16.625
custom_0586,val_tune,4,zscore,1.0,0.75,0.5,0.25,0.156151,0.013336,0.095791,0.095791,0.87245,0.878209,0.972035,0.907565,16.625
custom_0587,val_tune,4,zscore,1.0,0.75,0.5,0.5,0.156151,0.013336,0.095791,0.095791,0.87245,0.878209,0.972035,0.907565,16.625
custom_0588,val_tune,4,zscore,1.0,0.75,0.5,0.75,0.156151,0.013336,0.095791,0.095791,0.87245,0.878209,0.972035,0.907565,16.625
custom_0589,val_tune,4,zscore,1.0,0.75,0.5,1.0,0.156151,0.013336,0.095791,0.095791,0.87245,0.878209,0.972035,0.907565,16.625
custom_0590,val_tune,4,zscore,1.0,0.75,0.75,0.0,0.156151,0.013336,0.095791,0.095791,0.87245,0.878209,0.972035,0.907565,16.625
custom_0600,val_tune,4,zscore,1.0,1.0,0.0,0.0,0.156151,0.013336,0.095791,0.095791,0.87245,0.878209,0.972035,0.907565,16.625
custom_0601,val_tune,4,zscore,1.0,1.0,0.0,0.25,0.156151,0.013336,0.095791,0.095791,0.87245,0.878209,0.972035,0.907565,16.625
custom_0602,val_tune,4,zscore,1.0,1.0,0.0,0.5,0.156151,0.013336,0.095791,0.095791,0.87245,0.878209,0.972035,0.907565,16.625
custom_0603,val_tune,4,zscore,1.0,1.0,0.0,0.75,0.156151,0.013336,0.095791,0.095791,0.87245,0.878209,0.972035,0.907565,16.625
custom_0604,val_tune,4,zscore,1.0,1.0,0.0,1.0,0.156151,0.013336,0.095791,0.095791,0.87245,0.878209,0.972035,0.907565,16.625
custom_0605,val_tune,4,zscore,1.0,1.0,0.25,0.0,0.156151,0.013336,0.095791,0.095791,0.87245,0.878209,0.972035,0.907565,16.625
custom_0606,val_tune,4,zscore,1.0,1.0,0.25,0.25,0.156151,0.013336,0.095791,0.095791,0.87245,0.878209,0.972035,0.907565,16.625
custom_0607,val_tune,4,zscore,1.0,1.0,0.25,0.5,0.156151,0.013336,0.095791,0.095791,0.87245,0.878209,0.972035,0.907565,16.625
custom_0608,val_tune,4,zscore,1.0,1.0,0.25,0.75,0.156151,0.013336,0.095791,0.095791,0.87245,0.878209,0.972035,0.907565,16.625
custom_0609,val_tune,4,zscore,1.0,1.0,0.25,1.0,0.156151,0.013336,0.095791,0.095791,0.87245,0.878209,0.972035,0.907565,16.625
custom_0610,val_tune,4,zscore,1.0,1.0,0.5,0.0,0.156151,0.013336,0.095791,0.095791,0.87245,0.878209,0.972035,0.907565,16.625
custom_0611,val_tune,4,zscore,1.0,1.0,0.5,0.25,0.156151,0.013336,0.095791,0.095791,0.87245,0.878209,0.972035,0.907565,16.625
custom_0612,val_tune,4,zscore,1.0,1.0,0.5,0.5,0.156151,0.013336,0.095791,0.095791,0.87245,0.878209,0.972035,0.907565,16.625
custom_0613,val_tune,4,zscore,1.0,1.0,0.5,0.75,0.156151,0.013336,0.095791,0.095791,0.87245,0.878209,0.972035,0.907565,16.625
custom_0614,val_tune,4,zscore,1.0,1.0,0.5,1.0,0.156151,0.013336,0.095791,0.095791,0.87245,0.878209,0.972035,0.907565,16.625
logprob_plus_summac,val_tune,8,zscore,0.5,0.5,0.0,0.0,0.156151,0.013336,0.095791,0.095791,0.87245,0.878209,0.972035,0.907565,16.625
custom_0126,val_tune,8,zscore,0.25,0.0,0.0,0.25,0.156151,0.013336,0.095791,0.095791,0.87245,0.878209,0.972035,0.907565,16.625
custom_0127,val_tune,8,zscore,0.25,0.0,0.0,0.5,0.156151,0.013336,0.095791,0.095791,0.87245,0.878209,0.972035,0.907565,16.625
custom_0128,val_tune,8,zscore,0.25,0.0,0.0,0.75,0.156151,0.013336,0.095791,0.095791,0.87245,0.878209,0.972035,0.907565,16.625
custom_0150,val_tune,8,zscore,0.25,0.25,0.0,0.0,0.156151,0.013336,0.095791,0.095791,0.87245,0.878209,0.972035,0.907565,16.625
custom_0252,val_tune,8,zscore,0.5,0.0,0.0,0.5,0.156151,0.013336,0.095791,0.095791,0.87245,0.878209,0.972035,0.907565,16.625
custom_0253,val_tune,8,zscore,0.5,0.0,0.0,0.75,0.156151,0.013336,0.095791,0.095791,0.87245,0.878209,0.972035,0.907565,16.625
custom_0254,val_tune,8,zscore,0.5,0.0,0.0,1.0,0.156151,0.013336,0.095791,0.095791,0.87245,0.878209,0.972035,0.907565,16.625
custom_0257,val_tune,8,zscore,0.5,0.0,0.25,0.5,0.156151,0.013336,0.095791,0.095791,0.87245,0.878209,0.972035,0.907565,16.625
custom_0275,val_tune,8,zscore,0.5,0.25,0.0,0.0,0.156151,0.013336,0.095791,0.095791,0.87245,0.878209,0.972035,0.907565,16.625
custom_0276,val_tune,8,zscore,0.5,0.25,0.0,0.25,0.156151,0.013336,0.095791,0.095791,0.87245,0.878209,0.972035,0.907565,16.625
custom_0277,val_tune,8,zscore,0.5,0.25,0.0,0.5,0.156151,0.013336,0.095791,0.095791,0.87245,0.878209,0.972035,0.907565,16.625
custom_0278,val_tune,8,zscore,0.5,0.25,0.0,0.75,0.156151,0.013336,0.095791,0.095791,0.87245,0.878209,0.972035,0.907565,16.625
custom_0280,val_tune,8,zscore,0.5,0.25,0.25,0.0,0.156151,0.013336,0.095791,0.095791,0.87245,0.878209,0.972035,0.907565,16.625
custom_0281,val_tune,8,zscore,0.5,0.25,0.25,0.25,0.156151,0.013336,0.095791,0.095791,0.87245,0.878209,0.972035,0.907565,16.625
custom_0300,val_tune,8,zscore,0.5,0.5,0.0,0.0,0.156151,0.013336,0.095791,0.095791,0.87245,0.878209,0.972035,0.907565,16.625
custom_0377,val_tune,8,zscore,0.75,0.0,0.0,0.5,0.156151,0.013336,0.095791,0.095791,0.87245,0.878209,0.972035,0.907565,16.625
custom_0378,val_tune,8,zscore,0.75,0.0,0.0,0.75,0.156151,0.013336,0.095791,0.095791,0.87245,0.878209,0.972035,0.907565,16.625
custom_0379,val_tune,8,zscore,0.75,0.0,0.0,1.0,0.156151,0.013336,0.095791,0.095791,0.87245,0.878209,0.972035,0.907565,16.625
custom_0382,val_tune,8,zscore,0.75,0.0,0.25,0.5,0.156151,0.013336,0.095791,0.095791,0.87245,0.878209,0.972035,0.907565,16.625
custom_0383,val_tune,8,zscore,0.75,0.0,0.25,0.75,0.156151,0.013336,0.095791,0.095791,0.87245,0.878209,0.972035,0.907565,16.625
custom_0384,val_tune,8,zscore,0.75,0.0,0.25,1.0,0.156151,0.013336,0.095791,0.095791,0.87245,0.878209,0.972035,0.907565,16.625
custom_0401,val_tune,8,zscore,0.75,0.25,0.0,0.25,0.156151,0.013336,0.095791,0.095791,0.87245,0.878209,0.972035,0.907565,16.625
custom_0402,val_tune,8,zscore,0.75,0.25,0.0,0.5,0.156151,0.013336,0.095791,0.095791,0.87245,0.878209,0.972035,0.907565,16.625
custom_0403,val_tune,8,zscore,0.75,0.25,0.0,0.75,0.156151,0.013336,0.095791,0.095791,0.87245,0.878209,0.972035,0.907565,16.625
custom_0404,val_tune,8,zscore,0.75,0.25,0.0,1.0,0.156151,0.013336,0.095791,0.095791,0.87245,0.878209,0.972035,0.907565,16.625
custom_0406,val_tune,8,zscore,0.75,0.25,0.25,0.25,0.156151,0.013336,0.095791,0.095791,0.87245,0.878209,0.972035,0.907565,16.625
custom_0407,val_tune,8,zscore,0.75,0.25,0.25,0.5,0.156151,0.013336,0.095791,0.095791,0.87245,0.878209,0.972035,0.907565,16.625
custom_0408,val_tune,8,zscore,0.75,0.25,0.25,0.75,0.156151,0.013336,0.095791,0.095791,0.87245,0.878209,0.972035,0.907565,16.625
custom_0409,val_tune,8,zscore,0.75,0.25,0.25,1.0,0.156151,0.013336,0.095791,0.095791,0.87245,0.878209,0.972035,0.907565,16.625
custom_0425,val_tune,8,zscore,0.75,0.5,0.0,0.0,0.156151,0.013336,0.095791,0.095791,0.87245,0.878209,0.972035,0.907565,16.625
custom_0426,val_tune,8,zscore,0.75,0.5,0.0,0.25,0.156151,0.013336,0.095791,0.095791,0.87245,0.878209,0.972035,0.907565,16.625
custom_0427,val_tune,8,zscore,0.75,0.5,0.0,0.5,0.156151,0.013336,0.095791,0.095791,0.87245,0.878209,0.972035,0.907565,16.625
custom_0428,val_tune,8,zscore,0.75,0.5,0.0,0.75,0.156151,0.013336,0.095791,0.095791,0.87245,0.878209,0.972035,0.907565,16.625
custom_0430,val_tune,8,zscore,0.75,0.5,0.25,0.0,0.156151,0.013336,0.095791,0.095791,0.87245,0.878209,0.972035,0.907565,16.625
custom_0431,val_tune,8,zscore,0.75,0.5,0.25,0.25,0.156151,0.013336,0.095791,0.095791,0.87245,0.878209,0.972035,0.907565,16.625
custom_0432,val_tune,8,zscore,0.75,0.5,0.25,0.5,0.156151,0.013336,0.095791,0.095791,0.87245,0.878209,0.972035,0.907565,16.625
custom_0433,val_tune,8,zscore,0.75,0.5,0.25,0.75,0.156151,0.013336,0.095791,0.095791,0.87245,0.878209,0.972035,0.907565,16.625
custom_0434,val_tune,8,zscore,0.75,0.5,0.25,1.0,0.156151,0.013336,0.095791,0.095791,0.87245,0.878209,0.972035,0.907565,16.625
custom_0450,val_tune,8,zscore,0.75,0.75,0.0,0.0,0.156151,0.013336,0.095791,0.095791,0.87245,0.878209,0.972035,0.907565,16.625
custom_0455,val_tune,8,zscore,0.75,0.75,0.25,0.0,0.156151,0.013336,0.095791,0.095791,0.87245,0.878209,0.972035,0.907565,16.625
custom_0503,val_tune,8,zscore,1.0,0.0,0.0,0.75,0.156151,0.013336,0.095791,0.095791,0.87245,0.878209,0.972035,0.907565,16.625
custom_0504,val_tune,8,zscore,1.0,0.0,0.0,1.0,0.156151,0.013336,0.095791,0.095791,0.87245,0.878209,0.972035,0.907565,16.625
custom_0508,val_tune,8,zscore,1.0,0.0,0.25,0.75,0.156151,0.013336,0.095791,0.095791,0.87245,0.878209,0.972035,0.907565,16.625
custom_0509,val_tune,8,zscore,1.0,0.0,0.25,1.0,0.156151,0.013336,0.095791,0.095791,0.87245,0.878209,0.972035,0.907565,16.625
custom_0513,val_tune,8,zscore,1.0,0.0,0.5,0.75,0.156151,0.013336,0.095791,0.095791,0.87245,0.878209,0.972035,0.907565,16.625
custom_0514,val_tune,8,zscore,1.0,0.0,0.5,1.0,0.156151,0.013336,0.095791,0.095791,0.87245,0.878209,0.972035,0.907565,16.625
custom_0526,val_tune,8,zscore,1.0,0.25,0.0,0.25,0.156151,0.013336,0.095791,0.095791,0.87245,0.878209,0.972035,0.907565,16.625
custom_0527,val_tune,8,zscore,1.0,0.25,0.0,0.5,0.156151,0.013336,0.095791,0.095791,0.87245,0.878209,0.972035,0.907565,16.625
custom_0528,val_tune,8,zscore,1.0,0.25,0.0,0.75,0.156151,0.013336,0.095791,0.095791,0.87245,0.878209,0.972035,0.907565,16.625
custom_0529,val_tune,8,zscore,1.0,0.25,0.0,1.0,0.156151,0.013336,0.095791,0.095791,0.87245,0.878209,0.972035,0.907565,16.625
custom_0531,val_tune,8,zscore,1.0,0.25,0.25,0.25,0.156151,0.013336,0.095791,0.095791,0.87245,0.878209,0.972035,0.907565,16.625
custom_0532,val_tune,8,zscore,1.0,0.25,0.25,0.5,0.156151,0.013336,0.095791,0.095791,0.87245,0.878209,0.972035,0.907565,16.625
custom_0533,val_tune,8,zscore,1.0,0.25,0.25,0.75,0.156151,0.013336,0.095791,0.095791,0.87245,0.878209,0.972035,0.907565,16.625
custom_0534,val_tune,8,zscore,1.0,0.25,0.25,1.0,0.156151,0.013336,0.095791,0.095791,0.87245,0.878209,0.972035,0.907565,16.625
custom_0536,val_tune,8,zscore,1.0,0.25,0.5,0.25,0.156151,0.013336,0.095791,0.095791,0.87245,0.878209,0.972035,0.907565,16.625
custom_0537,val_tune,8,zscore,1.0,0.25,0.5,0.5,0.156151,0.013336,0.095791,0.095791,0.87245,0.878209,0.972035,0.907565,16.625
custom_0538,val_tune,8,zscore,1.0,0.25,0.5,0.75,0.156151,0.013336,0.095791,0.095791,0.87245,0.878209,0.972035,0.907565,16.625
custom_0550,val_tune,8,zscore,1.0,0.5,0.0,0.0,0.156151,0.013336,0.095791,0.095791,0.87245,0.878209,0.972035,0.907565,16.625
custom_0551,val_tune,8,zscore,1.0,0.5,0.0,0.25,0.156151,0.013336,0.095791,0.095791,0.87245,0.878209,0.972035,0.907565,16.625
custom_0552,val_tune,8,zscore,1.0,0.5,0.0,0.5,0.156151,0.013336,0.095791,0.095791,0.87245,0.878209,0.972035,0.907565,16.625
custom_0553,val_tune,8,zscore,1.0,0.5,0.0,0.75,0.156151,0.013336,0.095791,0.095791,0.87245,0.878209,0.972035,0.907565,16.625
custom_0554,val_tune,8,zscore,1.0,0.5,0.0,1.0,0.156151,0.013336,0.095791,0.095791,0.87245,0.878209,0.972035,0.907565,16.625
custom_0555,val_tune,8,zscore,1.0,0.5,0.25,0.0,0.156151,0.013336,0.095791,0.095791,0.87245,0.878209,0.972035,0.907565,16.625
custom_0556,val_tune,8,zscore,1.0,0.5,0.25,0.25,0.156151,0.013336,0.095791,0.095791,0.87245,0.878209,0.972035,0.907565,16.625
custom_0557,val_tune,8,zscore,1.0,0.5,0.25,0.5,0.156151,0.013336,0.095791,0.095791,0.87245,0.878209,0.972035,0.907565,16.625
custom_0558,val_tune,8,zscore,1.0,0.5,0.25,0.75,0.156151,0.013336,0.095791,0.095791,0.87245,0.878209,0.972035,0.907565,16.625
custom_0559,val_tune,8,zscore,1.0,0.5,0.25,1.0,0.156151,0.013336,0.095791,0.095791,0.87245,0.878209,0.972035,0.907565,16.625
custom_0560,val_tune,8,zscore,1.0,0.5,0.5,0.0,0.156151,0.013336,0.095791,0.095791,0.87245,0.878209,0.972035,0.907565,16.625
custom_0561,val_tune,8,zscore,1.0,0.5,0.5,0.25,0.156151,0.013336,0.095791,0.095791,0.87245,0.878209,0.972035,0.907565,16.625
custom_0562,val_tune,8,zscore,1.0,0.5,0.5,0.5,0.156151,0.013336,0.095791,0.095791,0.87245,0.878209,0.972035,0.907565,16.625
custom_0575,val_tune,8,zscore,1.0,0.75,0.0,0.0,0.156151,0.013336,0.095791,0.095791,0.87245,0.878209,0.972035,0.907565,16.625
custom_0576,val_tune,8,zscore,1.0,0.75,0.0,0.25,0.156151,0.013336,0.095791,0.095791,0.87245,0.878209,0.972035,0.907565,16.625
custom_0577,val_tune,8,zscore,1.0,0.75,0.0,0.5,0.156151,0.013336,0.095791,0.095791,0.87245,0.878209,0.972035,0.907565,16.625
custom_0578,val_tune,8,zscore,1.0,0.75,0.0,0.75,0.156151,0.013336,0.095791,0.095791,0.87245,0.878209,0.972035,0.907565,16.625
custom_0580,val_tune,8,zscore,1.0,0.75,0.25,0.0,0.156151,0.013336,0.095791,0.095791,0.87245,0.878209,0.972035,0.907565,16.625
custom_0581,val_tune,8,zscore,1.0,0.75,0.25,0.25,0.156151,0.013336,0.095791,0.095791,0.87245,0.878209,0.972035,0.907565,16.625
custom_0582,val_tune,8,zscore,1.0,0.75,0.25,0.5,0.156151,0.013336,0.095791,0.095791,0.87245,0.878209,0.972035,0.907565,16.625
custom_0583,val_tune,8,zscore,1.0,0.75,0.25,0.75,0.156151,0.013336,0.095791,0.095791,0.87245,0.878209,0.972035,0.907565,16.625
custom_0584,val_tune,8,zscore,1.0,0.75,0.25,1.0,0.156151,0.013336,0.095791,0.095791,0.87245,0.878209,0.972035,0.907565,16.625
custom_0585,val_tune,8,zscore,1.0,0.75,0.5,0.0,0.156151,0.013336,0.095791,0.095791,0.87245,0.878209,0.972035,0.907565,16.625
custom_0600,val_tune,8,zscore,1.0,1.0,0.0,0.0,0.156151,0.013336,0.095791,0.095791,0.87245,0.878209,0.972035,0.907565,16.625
custom_0605,val_tune,8,zscore,1.0,1.0,0.25,0.0,0.156151,0.013336,0.095791,0.095791,0.87245,0.878209,0.972035,0.907565,16.625
custom_0606,val_tune,8,zscore,1.0,1.0,0.25,0.25,0.156151,0.013336,0.095791,0.095791,0.87245,0.878209,0.972035,0.907565,16.625
custom_0126,val_tune,16,zscore,0.25,0.0,0.0,0.25,0.156151,0.013336,0.095791,0.095791,0.87245,0.878209,0.972035,0.907565,16.625
custom_0127,val_tune,16,zscore,0.25,0.0,0.0,0.5,0.156151,0.013336,0.095791,0.095791,0.87245,0.878209,0.972035,0.907565,16.625
custom_0251,val_tune,16,zscore,0.5,0.0,0.0,0.25,0.156151,0.013336,0.095791,0.095791,0.87245,0.878209,0.972035,0.907565,16.625
custom_0252,val_tune,16,zscore,0.5,0.0,0.0,0.5,0.156151,0.013336,0.095791,0.095791,0.87245,0.878209,0.972035,0.907565,16.625
custom_0253,val_tune,16,zscore,0.5,0.0,0.0,0.75,0.156151,0.013336,0.095791,0.095791,0.87245,0.878209,0.972035,0.907565,16.625
custom_0254,val_tune,16,zscore,0.5,0.0,0.0,1.0,0.156151,0.013336,0.095791,0.095791,0.87245,0.878209,0.972035,0.907565,16.625
custom_0275,val_tune,16,zscore,0.5,0.25,0.0,0.0,0.156151,0.013336,0.095791,0.095791,0.87245,0.878209,0.972035,0.907565,16.625
custom_0276,val_tune,16,zscore,0.5,0.25,0.0,0.25,0.156151,0.013336,0.095791,0.095791,0.87245,0.878209,0.972035,0.907565,16.625
custom_0377,val_tune,16,zscore,0.75,0.0,0.0,0.5,0.156151,0.013336,0.095791,0.095791,0.87245,0.878209,0.972035,0.907565,16.625
custom_0378,val_tune,16,zscore,0.75,0.0,0.0,0.75,0.156151,0.013336,0.095791,0.095791,0.87245,0.878209,0.972035,0.907565,16.625
custom_0379,val_tune,16,zscore,0.75,0.0,0.0,1.0,0.156151,0.013336,0.095791,0.095791,0.87245,0.878209,0.972035,0.907565,16.625
custom_0382,val_tune,16,zscore,0.75,0.0,0.25,0.5,0.156151,0.013336,0.095791,0.095791,0.87245,0.878209,0.972035,0.907565,16.625
custom_0400,val_tune,16,zscore,0.75,0.25,0.0,0.0,0.156151,0.013336,0.095791,0.095791,0.87245,0.878209,0.972035,0.907565,16.625
custom_0401,val_tune,16,zscore,0.75,0.25,0.0,0.25,0.156151,0.013336,0.095791,0.095791,0.87245,0.878209,0.972035,0.907565,16.625
custom_0402,val_tune,16,zscore,0.75,0.25,0.0,0.5,0.156151,0.013336,0.095791,0.095791,0.87245,0.878209,0.972035,0.907565,16.625
custom_0403,val_tune,16,zscore,0.75,0.25,0.0,0.75,0.156151,0.013336,0.095791,0.095791,0.87245,0.878209,0.972035,0.907565,16.625
custom_0405,val_tune,16,zscore,0.75,0.25,0.25,0.0,0.156151,0.013336,0.095791,0.095791,0.87245,0.878209,0.972035,0.907565,16.625
custom_0406,val_tune,16,zscore,0.75,0.25,0.25,0.25,0.156151,0.013336,0.095791,0.095791,0.87245,0.878209,0.972035,0.907565,16.625
custom_0425,val_tune,16,zscore,0.75,0.5,0.0,0.0,0.156151,0.013336,0.095791,0.095791,0.87245,0.878209,0.972035,0.907565,16.625
custom_0502,val_tune,16,zscore,1.0,0.0,0.0,0.5,0.156151,0.013336,0.095791,0.095791,0.87245,0.878209,0.972035,0.907565,16.625
custom_0503,val_tune,16,zscore,1.0,0.0,0.0,0.75,0.156151,0.013336,0.095791,0.095791,0.87245,0.878209,0.972035,0.907565,16.625
custom_0504,val_tune,16,zscore,1.0,0.0,0.0,1.0,0.156151,0.013336,0.095791,0.095791,0.87245,0.878209,0.972035,0.907565,16.625
custom_0507,val_tune,16,zscore,1.0,0.0,0.25,0.5,0.156151,0.013336,0.095791,0.095791,0.87245,0.878209,0.972035,0.907565,16.625
custom_0508,val_tune,16,zscore,1.0,0.0,0.25,0.75,0.156151,0.013336,0.095791,0.095791,0.87245,0.878209,0.972035,0.907565,16.625
custom_0509,val_tune,16,zscore,1.0,0.0,0.25,1.0,0.156151,0.013336,0.095791,0.095791,0.87245,0.878209,0.972035,0.907565,16.625
custom_0526,val_tune,16,zscore,1.0,0.25,0.0,0.25,0.156151,0.013336,0.095791,0.095791,0.87245,0.878209,0.972035,0.907565,16.625
custom_0527,val_tune,16,zscore,1.0,0.25,0.0,0.5,0.156151,0.013336,0.095791,0.095791,0.87245,0.878209,0.972035,0.907565,16.625
custom_0528,val_tune,16,zscore,1.0,0.25,0.0,0.75,0.156151,0.013336,0.095791,0.095791,0.87245,0.878209,0.972035,0.907565,16.625
custom_0529,val_tune,16,zscore,1.0,0.25,0.0,1.0,0.156151,0.013336,0.095791,0.095791,0.87245,0.878209,0.972035,0.907565,16.625
custom_0531,val_tune,16,zscore,1.0,0.25,0.25,0.25,0.156151,0.013336,0.095791,0.095791,0.87245,0.878209,0.972035,0.907565,16.625
custom_0532,val_tune,16,zscore,1.0,0.25,0.25,0.5,0.156151,0.013336,0.095791,0.095791,0.87245,0.878209,0.972035,0.907565,16.625
custom_0533,val_tune,16,zscore,1.0,0.25,0.25,0.75,0.156151,0.013336,0.095791,0.095791,0.87245,0.878209,0.972035,0.907565,16.625
custom_0534,val_tune,16,zscore,1.0,0.25,0.25,1.0,0.156151,0.013336,0.095791,0.095791,0.87245,0.878209,0.972035,0.907565,16.625
custom_0550,val_tune,16,zscore,1.0,0.5,0.0,0.0,0.156151,0.013336,0.095791,0.095791,0.87245,0.878209,0.972035,0.907565,16.625
custom_0551,val_tune,16,zscore,1.0,0.5,0.0,0.25,0.156151,0.013336,0.095791,0.095791,0.87245,0.878209,0.972035,0.907565,16.625
custom_0552,val_tune,16,zscore,1.0,0.5,0.0,0.5,0.156151,0.013336,0.095791,0.095791,0.87245,0.878209,0.972035,0.907565,16.625
custom_0555,val_tune,16,zscore,1.0,0.5,0.25,0.0,0.156151,0.013336,0.095791,0.095791,0.87245,0.878209,0.972035,0.907565,16.625
custom_0556,val_tune,16,zscore,1.0,0.5,0.25,0.25,0.156151,0.013336,0.095791,0.095791,0.87245,0.878209,0.972035,0.907565,16.625
custom_0557,val_tune,16,zscore,1.0,0.5,0.25,0.5,0.156151,0.013336,0.095791,0.095791,0.87245,0.878209,0.972035,0.907565,16.625
custom_0558,val_tune,16,zscore,1.0,0.5,0.25,0.75,0.156151,0.013336,0.095791,0.095791,0.87245,0.878209,0.972035,0.907565,16.625
custom_0152,val_tune,4,zscore,0.25,0.25,0.0,0.5,0.158887,0.013336,0.098527,0.098527,0.889221,0.857208,0.975723,0.907384,17.75
custom_0304,val_tune,4,zscore,0.5,0.5,0.0,1.0,0.158887,0.013336,0.098527,0.098527,0.889221,0.857208,0.975723,0.907384,17.75
custom_0326,val_tune,4,zscore,0.5,0.75,0.0,0.25,0.158887,0.013336,0.098527,0.098527,0.889221,0.857208,0.975723,0.907384,17.75
custom_0327,val_tune,4,zscore,0.5,0.75,0.0,0.5,0.158887,0.013336,0.098527,0.098527,0.889221,0.857208,0.975723,0.907384,17.75
custom_0478,val_tune,4,zscore,0.75,1.0,0.0,0.75,0.158887,0.013336,0.098527,0.098527,0.889221,0.857208,0.975723,0.907384,17.75
custom_0479,val_tune,4,zscore,0.75,1.0,0.0,1.0,0.158887,0.013336,0.098527,0.098527,0.889221,0.857208,0.975723,0.907384,17.75
custom_0151,val_tune,8,zscore,0.25,0.25,0.0,0.25,0.158887,0.013336,0.098527,0.098527,0.889221,0.857208,0.975723,0.907384,17.75
custom_0279,val_tune,8,zscore,0.5,0.25,0.0,1.0,0.158887,0.013336,0.098527,0.098527,0.889221,0.857208,0.975723,0.907384,17.75
custom_0301,val_tune,8,zscore,0.5,0.5,0.0,0.25,0.158887,0.013336,0.098527,0.098527,0.889221,0.857208,0.975723,0.907384,17.75
custom_0302,val_tune,8,zscore,0.5,0.5,0.0,0.5,0.158887,0.013336,0.098527,0.098527,0.889221,0.857208,0.975723,0.907384,17.75
custom_0429,val_tune,8,zscore,0.75,0.5,0.0,1.0,0.158887,0.013336,0.098527,0.098527,0.889221,0.857208,0.975723,0.907384,17.75
custom_0451,val_tune,8,zscore,0.75,0.75,0.0,0.25,0.158887,0.013336,0.098527,0.098527,0.889221,0.857208,0.975723,0.907384,17.75
custom_0452,val_tune,8,zscore,0.75,0.75,0.0,0.5,0.158887,0.013336,0.098527,0.098527,0.889221,0.857208,0.975723,0.907384,17.75
custom_0453,val_tune,8,zscore,0.75,0.75,0.0,0.75,0.158887,0.013336,0.098527,0.098527,0.889221,0.857208,0.975723,0.907384,17.75
custom_0579,val_tune,8,zscore,1.0,0.75,0.0,1.0,0.158887,0.013336,0.098527,0.098527,0.889221,0.857208,0.975723,0.907384,17.75
custom_0601,val_tune,8,zscore,1.0,1.0,0.0,0.25,0.158887,0.013336,0.098527,0.098527,0.889221,0.857208,0.975723,0.907384,17.75
custom_0602,val_tune,8,zscore,1.0,1.0,0.0,0.5,0.158887,0.013336,0.098527,0.098527,0.889221,0.857208,0.975723,0.907384,17.75
custom_0603,val_tune,8,zscore,1.0,1.0,0.0,0.75,0.158887,0.013336,0.098527,0.098527,0.889221,0.857208,0.975723,0.907384,17.75
custom_0604,val_tune,8,zscore,1.0,1.0,0.0,1.0,0.158887,0.013336,0.098527,0.098527,0.889221,0.857208,0.975723,0.907384,17.75
custom_0277,val_tune,16,zscore,0.5,0.25,0.0,0.5,0.158887,0.013336,0.098527,0.098527,0.889221,0.857208,0.975723,0.907384,17.75
custom_0404,val_tune,16,zscore,0.75,0.25,0.0,1.0,0.158887,0.013336,0.098527,0.098527,0.889221,0.857208,0.975723,0.907384,17.75
custom_0426,val_tune,16,zscore,0.75,0.5,0.0,0.25,0.158887,0.013336,0.098527,0.098527,0.889221,0.857208,0.975723,0.907384,17.75
custom_0427,val_tune,16,zscore,0.75,0.5,0.0,0.5,0.158887,0.013336,0.098527,0.098527,0.889221,0.857208,0.975723,0.907384,17.75
custom_0553,val_tune,16,zscore,1.0,0.5,0.0,0.75,0.158887,0.013336,0.098527,0.098527,0.889221,0.857208,0.975723,0.907384,17.75
custom_0554,val_tune,16,zscore,1.0,0.5,0.0,1.0,0.158887,0.013336,0.098527,0.098527,0.889221,0.857208,0.975723,0.907384,17.75
custom_0575,val_tune,16,zscore,1.0,0.75,0.0,0.0,0.158887,0.013336,0.098527,0.098527,0.889221,0.857208,0.975723,0.907384,17.75
custom_0576,val_tune,16,zscore,1.0,0.75,0.0,0.25,0.158887,0.013336,0.098527,0.098527,0.889221,0.857208,0.975723,0.907384,17.75
custom_0577,val_tune,16,zscore,1.0,0.75,0.0,0.5,0.158887,0.013336,0.098527,0.098527,0.889221,0.857208,0.975723,0.907384,17.75
custom_0153,val_tune,4,zscore,0.25,0.25,0.0,0.75,0.159361,0.013336,0.098764,0.098764,0.895952,0.843038,0.977646,0.905545,17.625
custom_0154,val_tune,4,zscore,0.25,0.25,0.0,1.0,0.159361,0.013336,0.098764,0.098764,0.895952,0.843038,0.977646,0.905545,17.625
custom_0328,val_tune,4,zscore,0.5,0.75,0.0,0.75,0.159361,0.013336,0.098764,0.098764,0.895952,0.843038,0.977646,0.905545,17.625
custom_0329,val_tune,4,zscore,0.5,0.75,0.0,1.0,0.159361,0.013336,0.098764,0.098764,0.895952,0.843038,0.977646,0.905545,17.625
custom_0129,val_tune,8,zscore,0.25,0.0,0.0,1.0,0.159361,0.013336,0.098764,0.098764,0.895952,0.843038,0.977646,0.905545,17.625
custom_0454,val_tune,8,zscore,0.75,0.75,0.0,1.0,0.159361,0.013336,0.098764,0.098764,0.895952,0.843038,0.977646,0.905545,17.625
custom_0128,val_tune,16,zscore,0.25,0.0,0.0,0.75,0.159361,0.013336,0.098764,0.098764,0.895952,0.843038,0.977646,0.905545,17.625
custom_0278,val_tune,16,zscore,0.5,0.25,0.0,0.75,0.159361,0.013336,0.098764,0.098764,0.895952,0.843038,0.977646,0.905545,17.625
custom_0428,val_tune,16,zscore,0.75,0.5,0.0,0.75,0.159361,0.013336,0.098764,0.098764,0.895952,0.843038,0.977646,0.905545,17.625
logprob_plus_factcc,val_tune,4,zscore,0.5,0.0,0.5,0.0,0.156151,0.013336,0.095791,0.095791,0.834525,0.879099,0.952764,0.888796,15.625
custom_0130,val_tune,4,zscore,0.25,0.0,0.25,0.0,0.156151,0.013336,0.095791,0.095791,0.834525,0.879099,0.952764,0.888796,15.625
custom_0251,val_tune,4,zscore,0.5,0.0,0.0,0.25,0.156151,0.013336,0.095791,0.095791,0.834525,0.879099,0.952764,0.888796,15.625
custom_0255,val_tune,4,zscore,0.5,0.0,0.25,0.0,0.156151,0.013336,0.095791,0.095791,0.834525,0.879099,0.952764,0.888796,15.625
custom_0256,val_tune,4,zscore,0.5,0.0,0.25,0.25,0.156151,0.013336,0.095791,0.095791,0.834525,0.879099,0.952764,0.888796,15.625
custom_0260,val_tune,4,zscore,0.5,0.0,0.5,0.0,0.156151,0.013336,0.095791,0.095791,0.834525,0.879099,0.952764,0.888796,15.625
custom_0261,val_tune,4,zscore,0.5,0.0,0.5,0.25,0.156151,0.013336,0.095791,0.095791,0.834525,0.879099,0.952764,0.888796,15.625
custom_0265,val_tune,4,zscore,0.5,0.0,0.75,0.0,0.156151,0.013336,0.095791,0.095791,0.834525,0.879099,0.952764,0.888796,15.625
custom_0280,val_tune,4,zscore,0.5,0.25,0.25,0.0,0.156151,0.013336,0.095791,0.095791,0.834525,0.879099,0.952764,0.888796,15.625
custom_0377,val_tune,4,zscore,0.75,0.0,0.0,0.5,0.156151,0.013336,0.095791,0.095791,0.834525,0.879099,0.952764,0.888796,15.625
custom_0381,val_tune,4,zscore,0.75,0.0,0.25,0.25,0.156151,0.013336,0.095791,0.095791,0.834525,0.879099,0.952764,0.888796,15.625
custom_0382,val_tune,4,zscore,0.75,0.0,0.25,0.5,0.156151,0.013336,0.095791,0.095791,0.834525,0.879099,0.952764,0.888796,15.625
custom_0385,val_tune,4,zscore,0.75,0.0,0.5,0.0,0.156151,0.013336,0.095791,0.095791,0.834525,0.879099,0.952764,0.888796,15.625
custom_0386,val_tune,4,zscore,0.75,0.0,0.5,0.25,0.156151,0.013336,0.095791,0.095791,0.834525,0.879099,0.952764,0.888796,15.625
custom_0387,val_tune,4,zscore,0.75,0.0,0.5,0.5,0.156151,0.013336,0.095791,0.095791,0.834525,0.879099,0.952764,0.888796,15.625
custom_0390,val_tune,4,zscore,0.75,0.0,0.75,0.0,0.156151,0.013336,0.095791,0.095791,0.834525,0.879099,0.952764,0.888796,15.625
custom_0391,val_tune,4,zscore,0.75,0.0,0.75,0.25,0.156151,0.013336,0.095791,0.095791,0.834525,0.879099,0.952764,0.888796,15.625
custom_0395,val_tune,4,zscore,0.75,0.0,1.0,0.0,0.156151,0.013336,0.095791,0.095791,0.834525,0.879099,0.952764,0.888796,15.625
custom_0405,val_tune,4,zscore,0.75,0.25,0.25,0.0,0.156151,0.013336,0.095791,0.095791,0.834525,0.879099,0.952764,0.888796,15.625
custom_0406,val_tune,4,zscore,0.75,0.25,0.25,0.25,0.156151,0.013336,0.095791,0.095791,0.834525,0.879099,0.952764,0.888796,15.625
custom_0410,val_tune,4,zscore,0.75,0.25,0.5,0.0,0.156151,0.013336,0.095791,0.095791,0.834525,0.879099,0.952764,0.888796,15.625
custom_0411,val_tune,4,zscore,0.75,0.25,0.5,0.25,0.156151,0.013336,0.095791,0.095791,0.834525,0.879099,0.952764,0.888796,15.625
custom_0415,val_tune,4,zscore,0.75,0.25,0.75,0.0,0.156151,0.013336,0.095791,0.095791,0.834525,0.879099,0.952764,0.888796,15.625
custom_0502,val_tune,4,zscore,1.0,0.0,0.0,0.5,0.156151,0.013336,0.095791,0.095791,0.834525,0.879099,0.952764,0.888796,15.625
custom_0506,val_tune,4,zscore,1.0,0.0,0.25,0.25,0.156151,0.013336,0.095791,0.095791,0.834525,0.879099,0.952764,0.888796,15.625
custom_0507,val_tune,4,zscore,1.0,0.0,0.25,0.5,0.156151,0.013336,0.095791,0.095791,0.834525,0.879099,0.952764,0.888796,15.625
custom_0510,val_tune,4,zscore,1.0,0.0,0.5,0.0,0.156151,0.013336,0.095791,0.095791,0.834525,0.879099,0.952764,0.888796,15.625
custom_0511,val_tune,4,zscore,1.0,0.0,0.5,0.25,0.156151,0.013336,0.095791,0.095791,0.834525,0.879099,0.952764,0.888796,15.625
custom_0512,val_tune,4,zscore,1.0,0.0,0.5,0.5,0.156151,0.013336,0.095791,0.095791,0.834525,0.879099,0.952764,0.888796,15.625
custom_0515,val_tune,4,zscore,1.0,0.0,0.75,0.0,0.156151,0.013336,0.095791,0.095791,0.834525,0.879099,0.952764,0.888796,15.625
custom_0516,val_tune,4,zscore,1.0,0.0,0.75,0.25,0.156151,0.013336,0.095791,0.095791,0.834525,0.879099,0.952764,0.888796,15.625
custom_0517,val_tune,4,zscore,1.0,0.0,0.75,0.5,0.156151,0.013336,0.095791,0.095791,0.834525,0.879099,0.952764,0.888796,15.625
custom_0520,val_tune,4,zscore,1.0,0.0,1.0,0.0,0.156151,0.013336,0.095791,0.095791,0.834525,0.879099,0.952764,0.888796,15.625
custom_0521,val_tune,4,zscore,1.0,0.0,1.0,0.25,0.156151,0.013336,0.095791,0.095791,0.834525,0.879099,0.952764,0.888796,15.625
custom_0522,val_tune,4,zscore,1.0,0.0,1.0,0.5,0.156151,0.013336,0.095791,0.095791,0.834525,0.879099,0.952764,0.888796,15.625
custom_0531,val_tune,4,zscore,1.0,0.25,0.25,0.25,0.156151,0.013336,0.095791,0.095791,0.834525,0.879099,0.952764,0.888796,15.625
custom_0535,val_tune,4,zscore,1.0,0.25,0.5,0.0,0.156151,0.013336,0.095791,0.095791,0.834525,0.879099,0.952764,0.888796,15.625
custom_0536,val_tune,4,zscore,1.0,0.25,0.5,0.25,0.156151,0.013336,0.095791,0.095791,0.834525,0.879099,0.952764,0.888796,15.625
custom_0540,val_tune,4,zscore,1.0,0.25,0.75,0.0,0.156151,0.013336,0.095791,0.095791,0.834525,0.879099,0.952764,0.888796,15.625
custom_0541,val_tune,4,zscore,1.0,0.25,0.75,0.25,0.156151,0.013336,0.095791,0.095791,0.834525,0.879099,0.952764,0.888796,15.625
custom_0545,val_tune,4,zscore,1.0,0.25,1.0,0.0,0.156151,0.013336,0.095791,0.095791,0.834525,0.879099,0.952764,0.888796,15.625
custom_0555,val_tune,4,zscore,1.0,0.5,0.25,0.0,0.156151,0.013336,0.095791,0.095791,0.834525,0.879099,0.952764,0.888796,15.625
custom_0560,val_tune,4,zscore,1.0,0.5,0.5,0.0,0.156151,0.013336,0.095791,0.095791,0.834525,0.879099,0.952764,0.888796,15.625
custom_0565,val_tune,4,zscore,1.0,0.5,0.75,0.0,0.156151,0.013336,0.095791,0.095791,0.834525,0.879099,0.952764,0.888796,15.625
logprob_plus_factcc,val_tune,8,zscore,0.5,0.0,0.5,0.0,0.156151,0.013336,0.095791,0.095791,0.834525,0.879099,0.952764,0.888796,15.625
custom_0130,val_tune,8,zscore,0.25,0.0,0.25,0.0,0.156151,0.013336,0.095791,0.095791,0.834525,0.879099,0.952764,0.888796,15.625
custom_0251,val_tune,8,zscore,0.5,0.0,0.0,0.25,0.156151,0.013336,0.095791,0.095791,0.834525,0.879099,0.952764,0.888796,15.625
custom_0255,val_tune,8,zscore,0.5,0.0,0.25,0.0,0.156151,0.013336,0.095791,0.095791,0.834525,0.879099,0.952764,0.888796,15.625
custom_0256,val_tune,8,zscore,0.5,0.0,0.25,0.25,0.156151,0.013336,0.095791,0.095791,0.834525,0.879099,0.952764,0.888796,15.625
custom_0260,val_tune,8,zscore,0.5,0.0,0.5,0.0,0.156151,0.013336,0.095791,0.095791,0.834525,0.879099,0.952764,0.888796,15.625
custom_0376,val_tune,8,zscore,0.75,0.0,0.0,0.25,0.156151,0.013336,0.095791,0.095791,0.834525,0.879099,0.952764,0.888796,15.625
custom_0380,val_tune,8,zscore,0.75,0.0,0.25,0.0,0.156151,0.013336,0.095791,0.095791,0.834525,0.879099,0.952764,0.888796,15.625
custom_0381,val_tune,8,zscore,0.75,0.0,0.25,0.25,0.156151,0.013336,0.095791,0.095791,0.834525,0.879099,0.952764,0.888796,15.625
custom_0385,val_tune,8,zscore,0.75,0.0,0.5,0.0,0.156151,0.013336,0.095791,0.095791,0.834525,0.879099,0.952764,0.888796,15.625
custom_0386,val_tune,8,zscore,0.75,0.0,0.5,0.25,0.156151,0.013336,0.095791,0.095791,0.834525,0.879099,0.952764,0.888796,15.625
custom_0390,val_tune,8,zscore,0.75,0.0,0.75,0.0,0.156151,0.013336,0.095791,0.095791,0.834525,0.879099,0.952764,0.888796,15.625
custom_0405,val_tune,8,zscore,0.75,0.25,0.25,0.0,0.156151,0.013336,0.095791,0.095791,0.834525,0.879099,0.952764,0.888796,15.625
custom_0502,val_tune,8,zscore,1.0,0.0,0.0,0.5,0.156151,0.013336,0.095791,0.095791,0.834525,0.879099,0.952764,0.888796,15.625
custom_0506,val_tune,8,zscore,1.0,0.0,0.25,0.25,0.156151,0.013336,0.095791,0.095791,0.834525,0.879099,0.952764,0.888796,15.625
custom_0507,val_tune,8,zscore,1.0,0.0,0.25,0.5,0.156151,0.013336,0.095791,0.095791,0.834525,0.879099,0.952764,0.888796,15.625
custom_0510,val_tune,8,zscore,1.0,0.0,0.5,0.0,0.156151,0.013336,0.095791,0.095791,0.834525,0.879099,0.952764,0.888796,15.625
custom_0511,val_tune,8,zscore,1.0,0.0,0.5,0.25,0.156151,0.013336,0.095791,0.095791,0.834525,0.879099,0.952764,0.888796,15.625
custom_0512,val_tune,8,zscore,1.0,0.0,0.5,0.5,0.156151,0.013336,0.095791,0.095791,0.834525,0.879099,0.952764,0.888796,15.625
custom_0515,val_tune,8,zscore,1.0,0.0,0.75,0.0,0.156151,0.013336,0.095791,0.095791,0.834525,0.879099,0.952764,0.888796,15.625
custom_0516,val_tune,8,zscore,1.0,0.0,0.75,0.25,0.156151,0.013336,0.095791,0.095791,0.834525,0.879099,0.952764,0.888796,15.625
custom_0520,val_tune,8,zscore,1.0,0.0,1.0,0.0,0.156151,0.013336,0.095791,0.095791,0.834525,0.879099,0.952764,0.888796,15.625
custom_0530,val_tune,8,zscore,1.0,0.25,0.25,0.0,0.156151,0.013336,0.095791,0.095791,0.834525,0.879099,0.952764,0.888796,15.625
custom_0535,val_tune,8,zscore,1.0,0.25,0.5,0.0,0.156151,0.013336,0.095791,0.095791,0.834525,0.879099,0.952764,0.888796,15.625
custom_0540,val_tune,8,zscore,1.0,0.25,0.75,0.0,0.156151,0.013336,0.095791,0.095791,0.834525,0.879099,0.952764,0.888796,15.625
custom_0255,val_tune,16,zscore,0.5,0.0,0.25,0.0,0.156151,0.013336,0.095791,0.095791,0.834525,0.879099,0.952764,0.888796,15.625
custom_0376,val_tune,16,zscore,0.75,0.0,0.0,0.25,0.156151,0.013336,0.095791,0.095791,0.834525,0.879099,0.952764,0.888796,15.625
custom_0380,val_tune,16,zscore,0.75,0.0,0.25,0.0,0.156151,0.013336,0.095791,0.095791,0.834525,0.879099,0.952764,0.888796,15.625
custom_0381,val_tune,16,zscore,0.75,0.0,0.25,0.25,0.156151,0.013336,0.095791,0.095791,0.834525,0.879099,0.952764,0.888796,15.625
custom_0385,val_tune,16,zscore,0.75,0.0,0.5,0.0,0.156151,0.013336,0.095791,0.095791,0.834525,0.879099,0.952764,0.888796,15.625
custom_0501,val_tune,16,zscore,1.0,0.0,0.0,0.25,0.156151,0.013336,0.095791,0.095791,0.834525,0.879099,0.952764,0.888796,15.625
custom_0505,val_tune,16,zscore,1.0,0.0,0.25,0.0,0.156151,0.013336,0.095791,0.095791,0.834525,0.879099,0.952764,0.888796,15.625
custom_0506,val_tune,16,zscore,1.0,0.0,0.25,0.25,0.156151,0.013336,0.095791,0.095791,0.834525,0.879099,0.952764,0.888796,15.625
custom_0510,val_tune,16,zscore,1.0,0.0,0.5,0.0,0.156151,0.013336,0.095791,0.095791,0.834525,0.879099,0.952764,0.888796,15.625
custom_0530,val_tune,16,zscore,1.0,0.25,0.25,0.0,0.156151,0.013336,0.095791,0.095791,0.834525,0.879099,0.952764,0.888796,15.625
custom_0376,val_tune,4,zscore,0.75,0.0,0.0,0.25,0.1491,0.006579,0.08906,0.08906,0.79944,0.835869,0.921514,0.852274,15.75
custom_0501,val_tune,4,zscore,1.0,0.0,0.0,0.25,0.1491,0.006579,0.08906,0.08906,0.79944,0.835869,0.921514,0.852274,15.75
custom_0526,val_tune,4,zscore,1.0,0.25,0.0,0.25,0.1491,0.006579,0.08906,0.08906,0.79944,0.835869,0.921514,0.852274,15.75
custom_0530,val_tune,4,zscore,1.0,0.25,0.25,0.0,0.1491,0.006579,0.08906,0.08906,0.79944,0.835869,0.921514,0.852274,15.75
custom_0501,val_tune,8,zscore,1.0,0.0,0.0,0.25,0.1491,0.006579,0.08906,0.08906,0.79944,0.835869,0.921514,0.852274,15.75
logprob_only,val_tune,4,zscore,1.0,0.0,0.0,0.0,0.148338,0.00641,0.088603,0.088603,0.778552,0.808046,0.893481,0.826693,15.875
custom_0125,val_tune,4,zscore,0.25,0.0,0.0,0.0,0.148338,0.00641,0.088603,0.088603,0.778552,0.808046,0.893481,0.826693,15.875
custom_0250,val_tune,4,zscore,0.5,0.0,0.0,0.0,0.148338,0.00641,0.088603,0.088603,0.778552,0.808046,0.893481,0.826693,15.875
custom_0275,val_tune,4,zscore,0.5,0.25,0.0,0.0,0.148338,0.00641,0.088603,0.088603,0.778552,0.808046,0.893481,0.826693,15.875
custom_0375,val_tune,4,zscore,0.75,0.0,0.0,0.0,0.148338,0.00641,0.088603,0.088603,0.778552,0.808046,0.893481,0.826693,15.875
custom_0380,val_tune,4,zscore,0.75,0.0,0.25,0.0,0.148338,0.00641,0.088603,0.088603,0.778552,0.808046,0.893481,0.826693,15.875
custom_0400,val_tune,4,zscore,0.75,0.25,0.0,0.0,0.148338,0.00641,0.088603,0.088603,0.778552,0.808046,0.893481,0.826693,15.875
custom_0500,val_tune,4,zscore,1.0,0.0,0.0,0.0,0.148338,0.00641,0.088603,0.088603,0.778552,0.808046,0.893481,0.826693,15.875
custom_0505,val_tune,4,zscore,1.0,0.0,0.25,0.0,0.148338,0.00641,0.088603,0.088603,0.778552,0.808046,0.893481,0.826693,15.875
custom_0525,val_tune,4,zscore,1.0,0.25,0.0,0.0,0.148338,0.00641,0.088603,0.088603,0.778552,0.808046,0.893481,0.826693,15.875
custom_0550,val_tune,4,zscore,1.0,0.5,0.0,0.0,0.148338,0.00641,0.088603,0.088603,0.778552,0.808046,0.893481,0.826693,15.875
logprob_only,val_tune,8,zscore,1.0,0.0,0.0,0.0,0.148338,0.00641,0.088603,0.088603,0.778552,0.808046,0.893481,0.826693,15.875
custom_0125,val_tune,8,zscore,0.25,0.0,0.0,0.0,0.148338,0.00641,0.088603,0.088603,0.778552,0.808046,0.893481,0.826693,15.875
custom_0250,val_tune,8,zscore,0.5,0.0,0.0,0.0,0.148338,0.00641,0.088603,0.088603,0.778552,0.808046,0.893481,0.826693,15.875
custom_0375,val_tune,8,zscore,0.75,0.0,0.0,0.0,0.148338,0.00641,0.088603,0.088603,0.778552,0.808046,0.893481,0.826693,15.875
custom_0400,val_tune,8,zscore,0.75,0.25,0.0,0.0,0.148338,0.00641,0.088603,0.088603,0.778552,0.808046,0.893481,0.826693,15.875
custom_0500,val_tune,8,zscore,1.0,0.0,0.0,0.0,0.148338,0.00641,0.088603,0.088603,0.778552,0.808046,0.893481,0.826693,15.875
custom_0505,val_tune,8,zscore,1.0,0.0,0.25,0.0,0.148338,0.00641,0.088603,0.088603,0.778552,0.808046,0.893481,0.826693,15.875
custom_0525,val_tune,8,zscore,1.0,0.25,0.0,0.0,0.148338,0.00641,0.088603,0.088603,0.778552,0.808046,0.893481,0.826693,15.875
logprob_only,val_tune,16,zscore,1.0,0.0,0.0,0.0,0.148338,0.00641,0.088603,0.088603,0.778552,0.808046,0.893481,0.826693,15.875
custom_0125,val_tune,16,zscore,0.25,0.0,0.0,0.0,0.148338,0.00641,0.088603,0.088603,0.778552,0.808046,0.893481,0.826693,15.875
custom_0250,val_tune,16,zscore,0.5,0.0,0.0,0.0,0.148338,0.00641,0.088603,0.088603,0.778552,0.808046,0.893481,0.826693,15.875
custom_0375,val_tune,16,zscore,0.75,0.0,0.0,0.0,0.148338,0.00641,0.088603,0.088603,0.778552,0.808046,0.893481,0.826693,15.875
custom_0500,val_tune,16,zscore,1.0,0.0,0.0,0.0,0.148338,0.00641,0.088603,0.088603,0.778552,0.808046,0.893481,0.826693,15.875
custom_0525,val_tune,16,zscore,1.0,0.25,0.0,0.0,0.148338,0.00641,0.088603,0.088603,0.778552,0.808046,0.893481,0.826693,15.875
